ticker,date,open,high,low,close,volume,closeadj,closeunadj,_file,r_id,r_on,valid,basis_action,prev_close,prev_file,on_ret,raw_gap,same_file,gap_matches_raw,market_cap
AGEN,2026-07-13,5.42,8.7,4.91,6.12,174278000.0,6.12,6.12,12,0.1214662810726799,0.48113546961457976,True,0,3.35,12.0,0.617910447761194,0.6179104477611939,True,True,384474275.78
AGL,2026-05-07,43.59,63.871,41.76,60.66,3893000.0,60.66,60.66,10,0.3304567360101337,0.4479947998770083,True,0,27.85,10.0,0.5651705565529624,0.5651705565529623,True,True,1355554383.3
ALLO,2026-04-13,4.09,4.46,3.01,3.06,87821000.0,3.06,3.06,9,-0.290130054090421,0.4079130897468044,True,0,2.72,9.0,0.5036764705882353,0.5036764705882351,True,True,570059953.65
BLZE,2026-05-05,7.43,8.42,7.12,7.59,37173000.0,7.59,7.59,10,0.02130573267787068,0.470811492491504,True,0,4.64,10.0,0.601293103448276,0.6012931034482758,True,True,816461000.0
BNC,2026-09-08,5.37,5.58,4.51,5.25,70019000.0,5.25,5.25,14,-0.02259983191724092,0.4309261723064374,True,0,3.49,14.0,0.5386819484240686,0.5386819484240688,True,True,251572223.5
BWMN,2026-08-10,42.35,42.5,42.17,42.42,3061000.0,42.42,42.42,13,0.0016515280384729392,0.44164911441239524,True,0,27.23,13.0,0.5552699228791775,0.5552699228791773,True,True,737972745.84
CAPR,2026-08-14,7.66,8.15,6.04,6.65,65983000.0,6.65,6.65,13,-0.1413951290847371,0.5985493360582099,True,0,4.21,13.0,0.819477434679335,0.819477434679335,True,True,486041948.03999996
CELC,2025-10-20,79.23,83.0,70.35,70.58,7336000.0,70.58,70.58,3,-0.11560819673002662,0.42188082317475173,True,0,51.96,3.0,0.5248267898383372,0.5248267898383372,True,True,3891065324.16
CHRN,2025-12-30,8.75,12.7,7.8,10.58,111143000.0,10.58,10.58,5,0.1899117260606302,0.47160491061270937,True,0,5.46,5.0,0.6025641025641025,0.6025641025641026,True,True,2890903422.2000003
CRVS,2026-01-20,13.51,22.1,12.69,21.41,83970000.0,21.41,21.41,6,0.460427950629484,0.5177580605416354,True,0,8.05,6.0,0.6782608695652173,0.6782608695652173,True,True,977485369.28
CYPH,2025-10-06,0.8,0.984,0.651,0.764,103873000.0,0.764,0.764,3,-0.046043938501406846,0.4060903035020828,True,0,0.533,3.0,0.50093808630394,0.5009380863039399,True,True,443989253.84000003
DFTX,2026-06-22,38.58,39.16,35.13,36.67,20143000.0,36.67,36.67,11,-0.05077502539434827,0.4548775498334576,True,0,24.48,11.0,0.5759803921568626,0.5759803921568627,True,True,4860052581.5
DOCS,2026-08-07,38.865,40.0,27.16,27.4,65209000.0,27.4,27.4,13,-0.34955108928815865,0.6318946389906905,True,0,20.66,13.0,0.8811713455953534,0.8811713455953534,True,True,4696781573.0
EVC,2026-05-06,6.49,8.35,6.37,7.69,40330000.0,7.648,7.69,10,0.16965825280155392,0.4890470757671721,True,0,3.98,10.0,0.6307614871626721,0.6306532663316584,True,True,683856340.0500001
EVMN,2026-02-10,29.52,33.2,21.8,29.03,15953000.0,29.03,29.03,7,-0.016738221695733187,0.5524430640484311,True,0,16.99,7.0,0.7374926427310183,0.7374926427310184,True,True,308120039.37
FAC,2026-06-09,20.0,25.33,14.5,16.0,4880000.0,16.0,16.0,11,-0.2231435513142097,0.5191938734365071,True,0,11.9,11.0,0.6806722689075627,0.680672268907563,True,True,672105978.6
FIRY,2026-07-28,13.965,14.075,9.2,9.84,21571000.0,9.84,9.84,12,-0.35009848833297796,0.5130957723005298,True,0,8.36,12.0,0.6704545454545454,0.6704545454545456,True,True,206448431.94
GBTG,2026-05-04,9.305,9.39,9.3,9.34,81225000.0,9.34,9.34,10,0.0037543621465372587,0.45052767708458,True,0,5.93,10.0,0.5691399662731872,0.5691399662731873,True,True,4962547708.5
GLND,2026-03-26,14.8,23.0,10.78,13.0,7886000.0,13.0,13.0,8,-0.12967782330853275,0.5868411660810909,True,0,8.23,8.0,0.7982989064398542,0.7982989064398542,True,True,242265274.76
GPRO,2026-09-01,1.35,1.64,1.16,1.23,500399000.0,1.23,1.23,14,-0.09309042306601209,0.4324937804960839,True,1,0.876,13.0,0.5410958904109592,0.5410958904109591,False,True,238010687.61
GTE,2026-08-05,10.33,11.52,9.01,9.44,20233000.0,9.44,9.44,13,-0.09009630297413795,0.41372760954884846,True,0,6.83,13.0,0.5124450951683748,0.5124450951683748,True,True,340359726.97999996
INBX,2025-10-24,49.13,60.2,46.01,57.29,6068000.0,57.29,57.29,3,0.15365624223992946,0.5494901445166303,True,0,28.36,3.0,0.7323695345557125,0.7323695345557124,True,True,1466026112.6
INBX,2026-04-22,147.93,155.29,100.0,115.09,2724000.0,115.09,115.09,9,-0.25102475792374473,0.5649704623354489,True,0,84.08,9.0,0.7593958135109422,0.759395813510942,True,True,1466026112.6
INDP,2025-12-24,2.975,3.15,2.32,2.65,27991000.0,2.65,2.65,5,-0.1156843989994623,0.42241466642193776,True,0,1.95,5.0,0.5256410256410258,0.5256410256410258,True,True,512982947.40000004
INOD,2026-05-08,72.92,91.88,72.8,84.89,19182000.0,84.89,84.89,10,0.15199335093941418,0.46857842481658735,True,0,45.64,10.0,0.5977212971078001,0.5977212971078001,True,True,2379623275.7099996
KOD,2026-03-26,35.41,40.464,33.5,39.76,13145000.0,39.76,39.76,8,0.11586711566456087,0.4424291207268529,True,0,22.75,8.0,0.5564835164835165,0.5564835164835162,True,True,2033179933.95
LVWR,2026-07-24,1.265,1.77,1.23,1.46,104531000.0,1.46,1.46,12,0.1433643135407615,0.49643688631389105,True,0,0.77,12.0,0.6428571428571428,0.6428571428571428,True,True,308118685.5
MOVE,2026-08-04,18.8,18.89,13.5,13.73,7358000.0,13.73,13.73,13,-0.3142736500560238,0.558021315102265,True,0,10.76,13.0,0.7472118959107804,0.7472118959107807,True,True,325408779.84999996
MRNA,2026-08-19,116.245,176.66,114.46,174.38,185077000.0,174.38,174.38,13,0.40553679320988034,0.613200428680641,True,0,62.96,13.0,0.8463310038119444,0.846331003811944,True,True,79400033604.31999
MXL,2026-04-24,54.0,63.52,53.7,60.32,28960000.0,60.32,60.32,9,0.11067967713542626,0.45529748185604013,True,0,34.25,9.0,0.5766423357664234,0.5766423357664234,True,True,8510649043.440001
OMER,2025-12-24,16.44,17.65,13.92,15.36,24509000.0,15.36,15.36,5,-0.0679506619085079,0.6306636892585109,True,0,8.75,5.0,0.8788571428571431,0.878857142857143,True,True,1453557385.28
OPTU,2026-06-01,1.19,1.32,1.03,1.16,125086000.0,1.16,1.16,11,-0.025533302005164762,0.5925036547802578,True,0,0.658,10.0,0.8085106382978722,0.8085106382978722,False,True,275291202.47
OTLK,2026-05-26,0.465,0.507,0.375,0.4,346266000.0,0.4,0.4,10,-0.15057285847937432,0.4054651081081645,True,0,0.31,10.0,0.5000000000000002,0.5,True,True,155562987.006
PACS,2025-11-20,25.69,27.78,24.56,26.14,13363000.0,26.14,26.14,4,0.017364897074283545,0.42293880291907776,True,0,16.83,4.0,0.5264408793820562,0.5264408793820561,True,True,6539260775.599999
QTTB,2025-12-01,4.25,6.37,3.75,3.82,168134000.0,3.82,3.82,5,-0.10666856031784167,0.663017439107916,True,0,2.19,4.0,0.9406392694063926,0.9406392694063928,False,True,261078216.82
QTTB,2026-07-13,18.31,22.5,17.281,21.38,27867000.0,21.38,21.38,12,0.15500854691047986,0.4906411216023506,True,0,11.21,12.0,0.6333630686886705,0.6333630686886706,True,True,261078216.82
QURE,2026-06-17,43.55,49.7,42.5,48.16,19709000.0,48.16,48.16,11,0.10061909770205381,0.4784432762685985,True,0,26.99,11.0,0.6135605779918488,0.6135605779918487,True,True,2651877930.7599998
REPL,2026-05-29,7.93,9.066,7.67,8.69,51374000.0,8.69,8.69,10,0.09151990363054409,0.5273549257172012,True,0,4.68,10.0,0.6944444444444444,0.6944444444444444,True,True,1164554676.24
RHLD,2025-11-03,132.01,148.57,118.77,144.97,282000.0,144.97,144.97,4,0.09364914717013796,0.5834177662757489,True,0,73.66,3.0,0.7921531360304099,0.7921531360304099,False,True,980420821.1
RXT,2026-05-07,3.975,4.62,3.36,3.52,194435000.0,3.52,3.52,10,-0.12156375849628948,0.5602449166129839,True,0,2.27,10.0,0.7511013215859031,0.751101321585903,True,True,1011845214.5
SIDU,2025-12-22,1.945,2.59,1.8,2.29,354799000.0,2.29,2.29,5,0.16328984049573875,0.5168419719521362,True,0,1.16,5.0,0.6767241379310343,0.6767241379310347,True,True,214597691.12
SLAB,2026-02-04,205.24,207.5,201.7,203.41,8443000.0,203.41,203.41,7,-0.008956379459368403,0.4069766767700609,True,0,136.62,7.0,0.5022690674864589,0.5022690674864587,True,True,7382062203.64
SOC,2025-12-18,8.05,9.45,7.87,8.25,48303000.0,8.25,8.25,5,0.024541108916117445,0.4217459937123021,True,0,5.28,5.0,0.5246212121212124,0.5246212121212122,True,True,744453939.36
SRZN,2026-09-24,30.56,35.86,29.1,33.68,11527000.0,33.68,33.68,14,0.09721222507580626,0.6371529112053704,True,0,16.16,14.0,0.8910891089108911,0.891089108910891,True,True,347200103.32
USDE,2026-07-02,3.88,4.4,2.52,2.78,50854000.0,2.78,2.78,12,-0.3333842259326364,0.6234672599219554,True,0,2.08,12.0,0.8653846153846153,0.8653846153846152,True,True,468977975.25
UTZ,2026-07-21,14.08,14.14,14.05,14.06,61828000.0,14.06,14.06,12,-0.0014214643473774255,0.6365413183384282,True,0,7.45,12.0,0.8899328859060402,0.8899328859060402,True,True,2050021913.1200001
VISN,2026-04-17,19.15,19.5,19.025,19.09,3860000.0,3.642,19.09,9,-0.0031380778889986767,0.43025265769401644,True,0,18.98,9.0,0.5376459725595398,0.008956796628029506,True,False,1434496282.6399999
VISN,2026-08-27,11.61,11.7,11.33,11.63,7603000.0,11.63,11.63,13,0.0017211708207730534,0.6509824187047445,True,0,11.05,13.0,0.917423616845582,0.05067873303167403,True,False,1434496282.6399999
WHWK,2025-10-16,3.46,3.77,2.45,2.61,94340000.0,2.61,2.61,3,-0.2819183677350309,0.49933124434025544,True,0,2.1,3.0,0.6476190476190474,0.6476190476190475,True,True,213213697.4
WVE,2025-12-08,12.825,19.6,12.72,18.52,147251000.0,18.52,18.52,5,0.36745483816120017,0.537827593527705,True,0,7.49,5.0,0.7122830440587449,0.7122830440587449,True,True,744842101.5
ZD,2026-03-03,44.58,50.55,41.11,41.48,10596000.0,41.48,41.48,8,-0.07207394459639628,0.4647237386857055,True,0,28.01,8.0,0.5915744377008209,0.591574437700821,True,True,1937570124.08
