date,action,ticker,name,value,contraticker,contraname,_ticker
2023-08-17,split,AAON,AAON INC,1.5,N/A,N/A,AAON
2014-07-17,split,AAON,AAON INC,1.5,N/A,N/A,AAON
2013-07-03,split,AAON,AAON INC,1.5,N/A,N/A,AAON
2011-06-14,split,AAON,AAON INC,1.5,N/A,N/A,AAON
2007-08-22,split,AAON,AAON INC,1.5,N/A,N/A,AAON
2002-06-05,split,AAON,AAON INC,1.5,N/A,N/A,AAON
2001-10-01,split,AAON,AAON INC,1.5,N/A,N/A,AAON
2005-09-26,split,AAP,ADVANCE AUTO PARTS INC,1.5,N/A,N/A,AAP
2004-01-05,split,AAP,ADVANCE AUTO PARTS INC,2,N/A,N/A,AAP
2020-08-31,split,AAPL,APPLE INC,4,N/A,N/A,AAPL
2014-06-09,split,AAPL,APPLE INC,7,N/A,N/A,AAPL
2005-02-28,split,AAPL,APPLE INC,2,N/A,N/A,AAPL
2000-06-21,split,AAPL,APPLE INC,2,N/A,N/A,AAPL
2005-03-11,split,ABCB,AMERIS BANCORP,1.2,N/A,N/A,ABCB
1999-12-13,split,ABCB,AMERIS BANCORP,1.2,N/A,N/A,ABCB
2002-05-07,split,ABM,ABM INDUSTRIES INC,2,N/A,N/A,ABM
1998-06-01,split,ABT,ABBOTT LABORATORIES,2,N/A,N/A,ABT
2018-06-21,split,ACGL,ARCH CAPITAL GROUP LTD,3,N/A,N/A,ACGL
2011-05-12,split,ACGL,ARCH CAPITAL GROUP LTD,3,N/A,N/A,ACGL
2011-11-01,split,ACHC,ACADIA HEALTHCARE COMPANY INC,1.7633,N/A,N/A,ACHC
2011-05-19,split,ACHC,ACADIA HEALTHCARE COMPANY INC,100000,N/A,N/A,ACHC
2020-06-18,split,ACI,ALBERTSONS COMPANIES INC,2.072,N/A,N/A,ACI
2014-07-11,split,ACIW,ACI WORLDWIDE INC,3,N/A,N/A,ACIW
2016-07-01,split,ACLS,AXCELIS TECHNOLOGIES INC,0.25,N/A,N/A,ACLS
2022-03-24,split,ACMR,ACM RESEARCH INC,3,N/A,N/A,ACMR
2005-05-24,split,ADBE,ADOBE INC,2,N/A,N/A,ADBE
2000-10-25,split,ADBE,ADOBE INC,2,N/A,N/A,ADBE
1999-10-27,split,ADBE,ADOBE INC,2,N/A,N/A,ADBE
2000-03-16,split,ADI,ANALOG DEVICES INC,2,N/A,N/A,ADI
1999-01-04,split,ADP,AUTOMATIC DATA PROCESSING INC,2,N/A,N/A,ADP
2004-12-21,split,ADSK,AUTODESK INC,2,N/A,N/A,ADSK
2002-04-19,split,ADSK,AUTODESK INC,2,N/A,N/A,ADSK
2006-12-19,split,AEO,AMERICAN EAGLE OUTFITTERS INC,1.5,N/A,N/A,AEO
2005-03-08,split,AEO,AMERICAN EAGLE OUTFITTERS INC,2,N/A,N/A,AEO
2001-02-26,split,AEO,AMERICAN EAGLE OUTFITTERS INC,1.5,N/A,N/A,AEO
1999-05-04,split,AEO,AMERICAN EAGLE OUTFITTERS INC,2,N/A,N/A,AEO
1998-05-11,split,AEO,AMERICAN EAGLE OUTFITTERS INC,1.5,N/A,N/A,AEO
1998-01-06,split,AEO,AMERICAN EAGLE OUTFITTERS INC,1.5,N/A,N/A,AEO
2000-06-02,split,AES,AES CORP,2,N/A,N/A,AES
2006-12-15,split,AFG,AMERICAN FINANCIAL GROUP INC,1.5,N/A,N/A,AFG
2018-03-19,split,AFL,AFLAC INC,2,N/A,N/A,AFL
2001-03-19,split,AFL,AFLAC INC,2,N/A,N/A,AFL
1998-06-09,split,AFL,AFLAC INC,2,N/A,N/A,AFL
2001-10-09,split,AGX,ARGAN INC,0.06667,N/A,N/A,AGX
2022-11-15,split,AHR,AMERICAN HEALTHCARE REIT INC,0.25,N/A,N/A,AHR
2009-07-01,split,AIG,AMERICAN INTERNATIONAL GROUP INC,0.05,N/A,N/A,AIG
2000-07-31,split,AIG,AMERICAN INTERNATIONAL GROUP INC,1.5,N/A,N/A,AIG
1999-08-02,split,AIG,AMERICAN INTERNATIONAL GROUP INC,1.25,N/A,N/A,AIG
1998-08-03,split,AIG,AMERICAN INTERNATIONAL GROUP INC,1.5,N/A,N/A,AIG
1998-02-24,split,AIR,AAR CORP,1.5,N/A,N/A,AIR
2006-06-15,split,AIT,APPLIED INDUSTRIAL TECHNOLOGIES INC,1.5,N/A,N/A,AIT
2004-12-20,split,AIT,APPLIED INDUSTRIAL TECHNOLOGIES INC,1.5,N/A,N/A,AIT
2004-02-04,split,AIZ,ASSURANT INC,13.159,N/A,N/A,AIZ
2001-01-19,split,AJG,ARTHUR J GALLAGHER & CO,2,N/A,N/A,AJG
2000-03-16,split,AJG,ARTHUR J GALLAGHER & CO,2,N/A,N/A,AJG
2007-03-02,split,ALB,ALBEMARLE CORP,2,N/A,N/A,ALB
2021-03-24,split,ALHC,ALIGNMENT HEALTHCARE INC,260,N/A,N/A,ALHC
2014-07-10,split,ALK,ALASKA AIR GROUP INC,2,N/A,N/A,ALK
2012-03-19,split,ALK,ALASKA AIR GROUP INC,2,N/A,N/A,ALK
1998-07-02,split,ALL,ALLSTATE CORP,2,N/A,N/A,ALL
2014-04-09,split,ALLY,ALLY FINANCIAL INC,310,N/A,N/A,ALLY
2002-04-17,split,AMAT,APPLIED MATERIALS INC,2,N/A,N/A,AMAT
2000-03-16,split,AMAT,APPLIED MATERIALS INC,2,N/A,N/A,AMAT
2026-01-15,split,AMCR,AMCOR PLC,0.2,N/A,N/A,AMCR
2000-08-22,split,AMD,ADVANCED MICRO DEVICES INC,2,N/A,N/A,AMD
2012-07-02,split,AME,AMETEK INC,1.5,N/A,N/A,AME
2010-12-22,split,AME,AMETEK INC,1.5,N/A,N/A,AME
2006-11-28,split,AME,AMETEK INC,1.5,N/A,N/A,AME
2004-03-01,split,AME,AMETEK INC,2,N/A,N/A,AME
2004-03-30,split,AMG,AFFILIATED MANAGERS GROUP INC,1.5,N/A,N/A,AMG
1999-11-22,split,AMGN,AMGEN INC,2,N/A,N/A,AMGN
1999-03-01,split,AMGN,AMGEN INC,2,N/A,N/A,AMGN
2022-06-06,split,AMZN,AMAZON COM INC,20,N/A,N/A,AMZN
1999-09-02,split,AMZN,AMAZON COM INC,2,N/A,N/A,AMZN
1999-01-05,split,AMZN,AMAZON COM INC,3,N/A,N/A,AMZN
1998-06-02,split,AMZN,AMAZON COM INC,2,N/A,N/A,AMZN
2014-02-19,split,ANDE,ANDERSONS INC,1.5,N/A,N/A,ANDE
2006-06-29,split,ANDE,ANDERSONS INC,2,N/A,N/A,ANDE
2024-12-04,split,ANET,ARISTA NETWORKS INC,4,N/A,N/A,ANET
2021-11-18,split,ANET,ARISTA NETWORKS INC,4,N/A,N/A,ANET
1999-06-16,split,ANF,ABERCROMBIE & FITCH CO,2,N/A,N/A,ANF
1999-05-18,split,AON,AON PLC,1.5,N/A,N/A,AON
2016-10-06,split,AOS,SMITH A O CORP,2,N/A,N/A,AOS
2013-05-16,split,AOS,SMITH A O CORP,2,N/A,N/A,AOS
2010-11-16,split,AOS,SMITH A O CORP,1.5,N/A,N/A,AOS
1998-08-18,split,AOS,SMITH A O CORP,1.5,N/A,N/A,AOS
2004-01-15,split,APA,APA CORP,2,N/A,N/A,APA
1998-06-16,split,APD,AIR PRODUCTS & CHEMICALS INC,2,N/A,N/A,APD
2025-07-01,split,APG,API GROUP CORP,1.5,N/A,N/A,APG
2026-09-03,split,APH,AMPHENOL CORP,2,N/A,N/A,APH
2024-06-12,split,APH,AMPHENOL CORP,2,N/A,N/A,APH
2021-03-05,split,APH,AMPHENOL CORP,2,N/A,N/A,APH
2014-10-10,split,APH,AMPHENOL CORP,2,N/A,N/A,APH
2007-04-02,split,APH,AMPHENOL CORP,2,N/A,N/A,APH
2004-03-30,split,APH,AMPHENOL CORP,2,N/A,N/A,APH
2000-04-26,split,APH,AMPHENOL CORP,2,N/A,N/A,APH
2015-05-18,split,APLE,APPLE HOSPITALITY REIT INC,0.5,N/A,N/A,APLE
2023-10-02,split,ARR,ARMOUR RESIDENTIAL REIT INC,0.2,N/A,N/A,ARR
2015-08-03,split,ARR,ARMOUR RESIDENTIAL REIT INC,0.125,N/A,N/A,ARR
2011-11-17,split,ARWR,ARROWHEAD PHARMACEUTICALS INC,0.1,N/A,N/A,ARWR
2004-01-15,split,ARWR,ARROWHEAD PHARMACEUTICALS INC,0.01538,N/A,N/A,ARWR
2004-05-13,split,ASB,ASSOCIATED BANC-CORP,1.5,N/A,N/A,ASB
1998-06-15,split,ASB,ASSOCIATED BANC-CORP,1.25,N/A,N/A,ASB
2020-10-01,split,ASO,ACADEMY SPORTS & OUTDOORS INC,0.31746,N/A,N/A,ASO
1999-12-02,split,ATI,ATI INC,0.5,N/A,N/A,ATI
2007-05-10,split,ATR,APTARGROUP INC,2,N/A,N/A,ATR
1998-08-26,split,ATR,APTARGROUP INC,2,N/A,N/A,ATR
2006-10-16,split,AUB,ATLANTIC UNION BANKSHARES CORP,1.5,N/A,N/A,AUB
1998-06-02,split,AUB,ATLANTIC UNION BANKSHARES CORP,2,N/A,N/A,AUB
2024-07-15,split,AVGO,BROADCOM INC,10,N/A,N/A,AVGO
2000-09-29,split,AVT,AVNET INC,2,N/A,N/A,AVT
2013-09-04,split,AWR,AMERICAN STATES WATER CO,2,N/A,N/A,AWR
2002-06-10,split,AWR,AMERICAN STATES WATER CO,1.5,N/A,N/A,AWR
2015-11-18,split,AX,AXOS FINANCIAL INC,4,N/A,N/A,AX
2004-11-30,split,AXON,AXON ENTERPRISE INC,2,N/A,N/A,AXON
2004-04-30,split,AXON,AXON ENTERPRISE INC,2,N/A,N/A,AXON
2004-02-11,split,AXON,AXON ENTERPRISE INC,3,N/A,N/A,AXON
2000-05-11,split,AXP,AMERICAN EXPRESS CO,3,N/A,N/A,AXP
2012-07-31,split,AZZ,AZZ INC,2,N/A,N/A,AZZ
2007-05-07,split,AZZ,AZZ INC,2,N/A,N/A,AZZ
2004-08-30,split,BAC,BANK OF AMERICA CORP,2,N/A,N/A,BAC
2017-05-17,split,BALL,BALL CORP,2,N/A,N/A,BALL
2011-02-16,split,BALL,BALL CORP,2,N/A,N/A,BALL
2004-08-24,split,BALL,BALL CORP,2,N/A,N/A,BALL
2002-02-25,split,BALL,BALL CORP,2,N/A,N/A,BALL
2017-08-01,split,BANF,BANCFIRST CORP,2,N/A,N/A,BANF
2006-03-02,split,BANF,BANCFIRST CORP,2,N/A,N/A,BANF
2011-06-01,split,BANR,BANNER CORP,0.14286,N/A,N/A,BANR
2001-05-31,split,BAX,BAXTER INTERNATIONAL INC,2,N/A,N/A,BAX
2000-05-31,split,BBWI,BATH & BODY WORKS INC,2,N/A,N/A,BBWI
2005-08-04,split,BBY,BEST BUY CO INC,1.5,N/A,N/A,BBY
2002-05-13,split,BBY,BEST BUY CO INC,1.5,N/A,N/A,BBY
1999-03-19,split,BBY,BEST BUY CO INC,2,N/A,N/A,BBY
1998-05-27,split,BBY,BEST BUY CO INC,2,N/A,N/A,BBY
2010-01-21,split,BCPC,BALCHEM CORP,1.5,N/A,N/A,BCPC
2007-01-22,split,BCPC,BALCHEM CORP,1.5,N/A,N/A,BCPC
2006-01-23,split,BCPC,BALCHEM CORP,1.5,N/A,N/A,BCPC
2005-01-21,split,BCPC,BALCHEM CORP,1.5,N/A,N/A,BCPC
1998-06-04,split,BCPC,BALCHEM CORP,1.5,N/A,N/A,BCPC
2004-07-16,split,BDC,BELDEN INC,0.5,N/A,N/A,BDC
2000-08-22,split,BDC,BELDEN INC,1.5,N/A,N/A,BDC
1998-01-12,split,BDC,BELDEN INC,1.5,N/A,N/A,BDC
1998-08-21,split,BDX,BECTON DICKINSON & CO,2,N/A,N/A,BDX
2013-07-26,split,BEN,FRANKLIN RESOURCES INC,3,N/A,N/A,BEN
1998-01-16,split,BEN,FRANKLIN RESOURCES INC,2,N/A,N/A,BEN
2018-02-28,split,BF.B,BROWN FORMAN CORP,1.25,N/A,N/A,BF.B
2016-08-19,split,BF.B,BROWN FORMAN CORP,2,N/A,N/A,BF.B
2012-08-13,split,BF.B,BROWN FORMAN CORP,1.5,N/A,N/A,BF.B
2008-10-28,split,BF.B,BROWN FORMAN CORP,1.25,N/A,N/A,BF.B
2004-01-21,split,BF.B,BROWN FORMAN CORP,2,N/A,N/A,BF.B
2006-04-03,split,BHE,BENCHMARK ELECTRONICS INC,1.5,N/A,N/A,BHE
2003-11-14,split,BHE,BENCHMARK ELECTRONICS INC,1.5,N/A,N/A,BHE
2001-01-18,split,BIIB,BIOGEN INC,3,N/A,N/A,BIIB
1999-12-21,split,BIIB,BIOGEN INC,2,N/A,N/A,BIIB
2002-03-08,split,BIO,BIO-RAD LABORATORIES INC,2,N/A,N/A,BIO
2008-10-31,split,BKE,BUCKLE INC,1.5,N/A,N/A,BKE
2007-01-16,split,BKE,BUCKLE INC,1.5,N/A,N/A,BKE
1998-06-09,split,BKE,BUCKLE INC,1.5,N/A,N/A,BKE
1998-03-11,split,BKH,BLACK HILLS CORP,1.5,N/A,N/A,BKH
2026-04-06,split,BKNG,BOOKING HOLDINGS INC,25,N/A,N/A,BKNG
2003-06-16,split,BKNG,BOOKING HOLDINGS INC,0.16667,N/A,N/A,BKNG
2016-09-16,split,BMI,BADGER METER INC,2,N/A,N/A,BMI
2006-06-16,split,BMI,BADGER METER INC,2,N/A,N/A,BMI
2004-12-13,split,BMI,BADGER METER INC,2,N/A,N/A,BMI
1999-03-01,split,BMY,BRISTOL MYERS SQUIBB CO,2,N/A,N/A,BMY
2020-09-09,split,BNL,BROADSTONE NET LEASE INC,4,N/A,N/A,BNL
1998-08-14,split,BNY,BANK OF NEW YORK MELLON CORP,2,N/A,N/A,BNY
2005-01-03,split,BRC,BRADY CORP,2,N/A,N/A,BRC
2010-01-21,split,BRK.B,BERKSHIRE HATHAWAY INC,50,N/A,N/A,BRK.B
2018-03-29,split,BRO,BROWN & BROWN INC,2,N/A,N/A,BRO
2005-11-29,split,BRO,BROWN & BROWN INC,2,N/A,N/A,BRO
2001-11-23,split,BRO,BROWN & BROWN INC,2,N/A,N/A,BRO
2000-08-24,split,BRO,BROWN & BROWN INC,2,N/A,N/A,BRO
1998-03-02,split,BRO,BROWN & BROWN INC,1.5,N/A,N/A,BRO
2003-11-06,split,BSX,BOSTON SCIENTIFIC CORP,2,N/A,N/A,BSX
1998-12-01,split,BSX,BOSTON SCIENTIFIC CORP,2,N/A,N/A,BSX
2024-01-25,split,BTSG,BRIGHTSPRING HEALTH SERVICES INC,15.7027,N/A,N/A,BTSG
2013-12-17,split,BWA,BORGWARNER INC,2,N/A,N/A,BWA
2007-12-18,split,BWA,BORGWARNER INC,2,N/A,N/A,BWA
2004-05-18,split,BWA,BORGWARNER INC,2,N/A,N/A,BWA
2013-05-07,split,BXMT,BLACKSTONE MORTGAGE TRUST INC,0.1,N/A,N/A,BXMT
2003-04-03,split,BXMT,BLACKSTONE MORTGAGE TRUST INC,0.33333,N/A,N/A,BXMT
2011-05-09,split,C,CITIGROUP INC,0.1,N/A,N/A,C
2000-08-28,split,C,CITIGROUP INC,1.33333,N/A,N/A,C
1999-06-01,split,C,CITIGROUP INC,1.5,N/A,N/A,C
2001-12-07,split,CACI,CACI INTERNATIONAL INC,2,N/A,N/A,CACI
2001-04-23,split,CAH,CARDINAL HEALTH INC,1.5,N/A,N/A,CAH
1998-11-02,split,CAH,CARDINAL HEALTH INC,1.5,N/A,N/A,CAH
2004-12-09,split,CAKE,CHEESECAKE FACTORY INC,1.5,N/A,N/A,CAKE
2001-06-19,split,CAKE,CHEESECAKE FACTORY INC,1.5,N/A,N/A,CAKE
2000-06-09,split,CAKE,CHEESECAKE FACTORY INC,1.5,N/A,N/A,CAKE
1998-04-02,split,CAKE,CHEESECAKE FACTORY INC,1.5,N/A,N/A,CAKE
2014-11-03,split,CALM,CAL-MAINE FOODS INC,2,N/A,N/A,CALM
2004-04-26,split,CALM,CAL-MAINE FOODS INC,2,N/A,N/A,CALM
2006-09-05,split,CAR,AVIS BUDGET GROUP INC,0.1,N/A,N/A,CAR
1998-02-17,split,CASY,CASEYS GENERAL STORES INC,2,N/A,N/A,CASY
2005-07-14,split,CAT,CATERPILLAR INC,2,N/A,N/A,CAT
2004-09-29,split,CATY,CATHAY GENERAL BANCORP,2,N/A,N/A,CATY
2002-05-10,split,CATY,CATHAY GENERAL BANCORP,2,N/A,N/A,CATY
1998-03-03,split,CB,CHUBB LTD,3,N/A,N/A,CB
2006-06-02,split,CBRE,CBRE GROUP INC,3,N/A,N/A,CBRE
2004-04-01,split,CBRE,CBRE GROUP INC,3,N/A,N/A,CBRE
2025-12-02,split,CBSH,COMMERCE BANCSHARES INC,1.05,N/A,N/A,CBSH
2024-12-03,split,CBSH,COMMERCE BANCSHARES INC,1.05,N/A,N/A,CBSH
2023-12-01,split,CBSH,COMMERCE BANCSHARES INC,1.05,N/A,N/A,CBSH
2022-12-01,split,CBSH,COMMERCE BANCSHARES INC,1.05,N/A,N/A,CBSH
2021-12-01,split,CBSH,COMMERCE BANCSHARES INC,1.05,N/A,N/A,CBSH
2020-12-01,split,CBSH,COMMERCE BANCSHARES INC,1.05,N/A,N/A,CBSH
2019-12-02,split,CBSH,COMMERCE BANCSHARES INC,1.05,N/A,N/A,CBSH
2018-11-29,split,CBSH,COMMERCE BANCSHARES INC,1.05,N/A,N/A,CBSH
2017-11-29,split,CBSH,COMMERCE BANCSHARES INC,1.05,N/A,N/A,CBSH
2016-11-30,split,CBSH,COMMERCE BANCSHARES INC,1.05,N/A,N/A,CBSH
2015-11-24,split,CBSH,COMMERCE BANCSHARES INC,1.05,N/A,N/A,CBSH
2014-11-25,split,CBSH,COMMERCE BANCSHARES INC,1.05,N/A,N/A,CBSH
2013-11-26,split,CBSH,COMMERCE BANCSHARES INC,1.05,N/A,N/A,CBSH
2012-11-28,split,CBSH,COMMERCE BANCSHARES INC,1.05,N/A,N/A,CBSH
2011-11-28,split,CBSH,COMMERCE BANCSHARES INC,1.05,N/A,N/A,CBSH
2010-12-02,split,CBSH,COMMERCE BANCSHARES INC,1.05,N/A,N/A,CBSH
2009-11-25,split,CBSH,COMMERCE BANCSHARES INC,1.05,N/A,N/A,CBSH
2008-11-12,split,CBSH,COMMERCE BANCSHARES INC,1.05,N/A,N/A,CBSH
2007-11-27,split,CBSH,COMMERCE BANCSHARES INC,1.05,N/A,N/A,CBSH
2006-11-27,split,CBSH,COMMERCE BANCSHARES INC,1.05,N/A,N/A,CBSH
2005-11-25,split,CBSH,COMMERCE BANCSHARES INC,1.05,N/A,N/A,CBSH
2004-11-24,split,CBSH,COMMERCE BANCSHARES INC,1.05,N/A,N/A,CBSH
2003-11-25,split,CBSH,COMMERCE BANCSHARES INC,1.05,N/A,N/A,CBSH
2002-11-26,split,CBSH,COMMERCE BANCSHARES INC,1.05,N/A,N/A,CBSH
2001-11-28,split,CBSH,COMMERCE BANCSHARES INC,1.05,N/A,N/A,CBSH
2000-11-28,split,CBSH,COMMERCE BANCSHARES INC,1.05,N/A,N/A,CBSH
1999-11-26,split,CBSH,COMMERCE BANCSHARES INC,1.05,N/A,N/A,CBSH
1998-11-25,split,CBSH,COMMERCE BANCSHARES INC,1.05,N/A,N/A,CBSH
1998-03-31,split,CBSH,COMMERCE BANCSHARES INC,1.5,N/A,N/A,CBSH
2004-04-13,split,CBU,COMMUNITY FINANCIAL SYSTEM INC,2,N/A,N/A,CBU
1998-06-15,split,CCL,CARNIVAL CORP LTD,2,N/A,N/A,CCL
2009-05-27,split,CDE,COEUR MINING INC,0.1,N/A,N/A,CDE
2013-06-26,split,CDW,CDW CORP,142.91216,N/A,N/A,CDW
2023-11-15,split,CELH,CELSIUS HOLDINGS INC,3,N/A,N/A,CELH
2024-02-09,split,CENT,CENTRAL GARDEN & PET CO,1.25,N/A,N/A,CENT
2007-02-06,split,CENT,CENTRAL GARDEN & PET CO,3,N/A,N/A,CENT
2015-06-18,split,CF,CF INDUSTRIES HOLDINGS INC,5,N/A,N/A,CF
1999-06-23,split,CFR,CULLEN/FROST BANKERS INC,2,N/A,N/A,CFR
2017-12-04,split,CGNX,COGNEX CORP,2,N/A,N/A,CGNX
2013-09-17,split,CGNX,COGNEX CORP,2,N/A,N/A,CGNX
2016-09-02,split,CHD,CHURCH & DWIGHT CO INC,2,N/A,N/A,CHD
2011-06-02,split,CHD,CHURCH & DWIGHT CO INC,2,N/A,N/A,CHD
2004-09-02,split,CHD,CHURCH & DWIGHT CO INC,1.5,N/A,N/A,CHD
1999-09-02,split,CHD,CHURCH & DWIGHT CO INC,2,N/A,N/A,CHD
2023-05-22,split,CHDN,CHURCHILL DOWNS INC,2,N/A,N/A,CHDN
2019-01-28,split,CHDN,CHURCHILL DOWNS INC,3,N/A,N/A,CHDN
1998-04-15,split,CHDN,CHURCHILL DOWNS INC,2,N/A,N/A,CHDN
2005-05-12,split,CHE,CHEMED CORP,2,N/A,N/A,CHE
2005-10-24,split,CHH,CHOICE HOTELS INTERNATIONAL INC,2,N/A,N/A,CHH
2005-10-17,split,CHRW,C H ROBINSON WORLDWIDE INC,2,N/A,N/A,CHRW
2000-12-04,split,CHRW,C H ROBINSON WORLDWIDE INC,2,N/A,N/A,CHRW
2007-06-05,split,CI,CIGNA GROUP,3,N/A,N/A,CI
1998-05-18,split,CI,CIGNA GROUP,3,N/A,N/A,CI
2006-09-25,split,CIEN,CIENA CORP,0.14286,N/A,N/A,CIEN
2000-09-19,split,CIEN,CIENA CORP,2,N/A,N/A,CIEN
2005-04-04,split,CINF,CINCINNATI FINANCIAL CORP,1.05,N/A,N/A,CINF
2004-04-28,split,CINF,CINCINNATI FINANCIAL CORP,1.05,N/A,N/A,CINF
1998-05-18,split,CINF,CINCINNATI FINANCIAL CORP,3,N/A,N/A,CINF
2013-05-16,split,CL,COLGATE PALMOLIVE CO,2,N/A,N/A,CL
1999-07-01,split,CL,COLGATE PALMOLIVE CO,2,N/A,N/A,CL
2008-05-16,split,CLF,CLEVELAND-CLIFFS INC,2,N/A,N/A,CLF
2006-07-03,split,CLF,CLEVELAND-CLIFFS INC,2,N/A,N/A,CLF
2005-01-03,split,CLF,CLEVELAND-CLIFFS INC,2,N/A,N/A,CLF
2011-07-27,split,CLH,CLEAN HARBORS INC,2,N/A,N/A,CLH
2019-12-11,split,CLSK,CLEANSPARK INC,0.1,N/A,N/A,CLSK
2013-02-16,split,CLSK,CLEANSPARK INC,0.0256,N/A,N/A,CLSK
1999-08-24,split,CLX,CLOROX CO,2,N/A,N/A,CLX
2006-05-23,split,CMC,COMMERCIAL METALS CO,2,N/A,N/A,CMC
2005-01-11,split,CMC,COMMERCIAL METALS CO,2,N/A,N/A,CMC
2002-07-01,split,CMC,COMMERCIAL METALS CO,2,N/A,N/A,CMC
2017-02-21,split,CMCSA,COMCAST CORP,2,N/A,N/A,CMCSA
2007-02-22,split,CMCSA,COMCAST CORP,1.5,N/A,N/A,CMCSA
1999-05-06,split,CMCSA,COMCAST CORP,2,N/A,N/A,CMCSA
2012-07-23,split,CME,CME GROUP INC,5,N/A,N/A,CME
2024-06-26,split,CMG,CHIPOTLE MEXICAN GRILL INC,50,N/A,N/A,CMG
2008-01-03,split,CMI,CUMMINS INC,2,N/A,N/A,CMI
2007-04-10,split,CMI,CUMMINS INC,2,N/A,N/A,CMI
2019-02-07,split,CNC,CENTENE CORP,2,N/A,N/A,CNC
2015-02-20,split,CNC,CENTENE CORP,2,N/A,N/A,CNC
2004-12-20,split,CNC,CENTENE CORP,2,N/A,N/A,CNC
2003-07-14,split,CNC,CENTENE CORP,1.5,N/A,N/A,CNC
2017-11-29,split,CNX,CNX RESOURCES CORP,1.2,N/A,N/A,CNX
2006-06-01,split,CNX,CNX RESOURCES CORP,2,N/A,N/A,CNX
2000-05-24,split,CNXN,PC CONNECTION INC,1.5,N/A,N/A,CNXN
2021-10-11,split,COCO,VITA COCO COMPANY INC,455,N/A,N/A,COCO
1999-06-02,split,COF,CAPITAL ONE FINANCIAL CORP,3,N/A,N/A,COF
2011-06-27,split,COHR,COHERENT CORP,2,N/A,N/A,COHR
2005-03-23,split,COHR,COHERENT CORP,2,N/A,N/A,COHR
2000-09-21,split,COHR,COHERENT CORP,2,N/A,N/A,COHR
1999-09-27,split,COHU,COHU INC,2,N/A,N/A,COHU
2025-05-27,split,COKE,COCA-COLA CONSOLIDATED INC,10,N/A,N/A,COKE
1998-05-21,split,COLB,COLUMBIA BANKING SYSTEM INC,1.5,N/A,N/A,COLB
2014-09-29,split,COLM,COLUMBIA SPORTSWEAR CO,2,N/A,N/A,COLM
2001-06-05,split,COLM,COLUMBIA SPORTSWEAR CO,1.5,N/A,N/A,COLM
2024-02-20,split,COO,COOPER COMPANIES INC,4,N/A,N/A,COO
2002-11-25,split,COO,COOPER COMPANIES INC,2,N/A,N/A,COO
2005-06-02,split,COP,CONOCOPHILLIPS,2,N/A,N/A,COP
2009-06-16,split,COR,CENCORA INC,2,N/A,N/A,COR
2005-12-29,split,COR,CENCORA INC,2,N/A,N/A,COR
1999-03-25,split,COR,CENCORA INC,2,N/A,N/A,COR
2000-01-14,split,COST,COSTCO WHOLESALE CORP,2,N/A,N/A,COST
2014-09-09,split,CPK,CHESAPEAKE UTILITIES CORP,1.5,N/A,N/A,CPK
2023-08-22,split,CPRT,COPART INC,2,N/A,N/A,CPRT
2022-11-04,split,CPRT,COPART INC,2,N/A,N/A,CPRT
2017-04-11,split,CPRT,COPART INC,2,N/A,N/A,CPRT
2012-03-29,split,CPRT,COPART INC,2,N/A,N/A,CPRT
2002-01-22,split,CPRT,COPART INC,1.5,N/A,N/A,CPRT
2000-01-25,split,CPRT,COPART INC,2,N/A,N/A,CPRT
1999-01-29,split,CPRT,COPART INC,2,N/A,N/A,CPRT
2022-09-06,split,CRBG,COREBRIDGE FINANCIAL INC,6450,N/A,N/A,CRBG
1998-08-24,split,CRH,CRH PUBLIC LTD CO,5,N/A,N/A,CRH
2016-08-01,split,CRK,COMSTOCK RESOURCES INC,0.2,N/A,N/A,CRK
2013-04-18,split,CRM,SALESFORCE INC,4,N/A,N/A,CRM
2007-06-15,split,CROX,CROCS INC,2,N/A,N/A,CROX
2007-11-16,split,CRS,CARPENTER TECHNOLOGY CORP,2,N/A,N/A,CRS
2024-12-26,split,CRVL,CORVEL CORP,3,N/A,N/A,CRVL
2013-06-27,split,CRVL,CORVEL CORP,2,N/A,N/A,CRVL
2006-12-11,split,CRVL,CORVEL CORP,1.5,N/A,N/A,CRVL
2001-09-04,split,CRVL,CORVEL CORP,1.5,N/A,N/A,CRVL
1999-06-15,split,CRVL,CORVEL CORP,2,N/A,N/A,CRVL
2026-07-02,split,CRWD,CROWDSTRIKE HOLDINGS INC,4,N/A,N/A,CRWD
2000-03-23,split,CSCO,CISCO SYSTEMS INC,2,N/A,N/A,CSCO
1999-06-22,split,CSCO,CISCO SYSTEMS INC,2,N/A,N/A,CSCO
1998-09-16,split,CSCO,CISCO SYSTEMS INC,1.5,N/A,N/A,CSCO
2021-06-28,split,CSGP,COSTAR GROUP INC,10,N/A,N/A,CSGP
2007-03-20,split,CSL,CARLISLE COMPANIES INC,2,N/A,N/A,CSL
2021-06-29,split,CSX,CSX CORP,3,N/A,N/A,CSX
2011-06-16,split,CSX,CSX CORP,3,N/A,N/A,CSX
2006-08-16,split,CSX,CSX CORP,2,N/A,N/A,CSX
2024-09-12,split,CTAS,CINTAS CORP,4,N/A,N/A,CTAS
2000-03-08,split,CTAS,CINTAS CORP,1.5,N/A,N/A,CTAS
2014-03-10,split,CTSH,COGNIZANT TECHNOLOGY SOLUTIONS CORP,2,N/A,N/A,CTSH
2007-10-17,split,CTSH,COGNIZANT TECHNOLOGY SOLUTIONS CORP,2,N/A,N/A,CTSH
2004-06-18,split,CTSH,COGNIZANT TECHNOLOGY SOLUTIONS CORP,2,N/A,N/A,CTSH
2003-04-02,split,CTSH,COGNIZANT TECHNOLOGY SOLUTIONS CORP,3,N/A,N/A,CTSH
2000-03-17,split,CTSH,COGNIZANT TECHNOLOGY SOLUTIONS CORP,2,N/A,N/A,CTSH
2014-05-22,split,CUBI,CUSTOMERS BANCORP INC,1.1,N/A,N/A,CUBI
2019-06-17,split,CUZ,COUSINS PROPERTIES INC,0.25,N/A,N/A,CUZ
2000-10-03,split,CUZ,COUSINS PROPERTIES INC,1.5,N/A,N/A,CUZ
2006-01-27,split,CVBF,CVB FINANCIAL CORP,1.25,N/A,N/A,CVBF
2005-01-14,split,CVBF,CVB FINANCIAL CORP,1.25,N/A,N/A,CVBF
2003-01-22,split,CVBF,CVB FINANCIAL CORP,1.25,N/A,N/A,CVBF
2002-01-22,split,CVBF,CVB FINANCIAL CORP,1.25,N/A,N/A,CVBF
2000-02-01,split,CVBF,CVB FINANCIAL CORP,1.25,N/A,N/A,CVBF
1998-01-21,split,CVBF,CVB FINANCIAL CORP,1.5,N/A,N/A,CVBF
2005-02-01,split,CVCO,CAVCO INDUSTRIES INC,2,N/A,N/A,CVCO
2026-05-08,split,CVNA,CARVANA CO,5,N/A,N/A,CVNA
2005-06-07,split,CVS,CVS HEALTH CORP,2,N/A,N/A,CVS
1998-06-16,split,CVS,CVS HEALTH CORP,2,N/A,N/A,CVS
1998-06-22,split,CVSA,COVISTA INC,2,N/A,N/A,CVSA
2004-09-13,split,CVX,CHEVRON CORP,2,N/A,N/A,CVX
2006-04-24,split,CW,CURTISS WRIGHT CORP,2,N/A,N/A,CW
2003-12-18,split,CW,CURTISS WRIGHT CORP,2,N/A,N/A,CW
2015-05-15,split,CWEN,CLEARWAY ENERGY INC,2,N/A,N/A,CWEN
2011-06-13,split,CWT,CALIFORNIA WATER SERVICE GROUP,2,N/A,N/A,CWT
1998-01-26,split,CWT,CALIFORNIA WATER SERVICE GROUP,2,N/A,N/A,CWT
1998-09-15,split,CXT,CRANE NXT CO,1.5,N/A,N/A,CXT
2007-07-09,split,CXW,CORECIVIC INC,2,N/A,N/A,CXW
2006-09-14,split,CXW,CORECIVIC INC,1.5,N/A,N/A,CXW
2001-05-18,split,CXW,CORECIVIC INC,0.1,N/A,N/A,CXW
2013-06-25,split,CYTK,CYTOKINETICS INC,0.16667,N/A,N/A,CYTK
2007-11-20,split,D,DOMINION ENERGY INC,2,N/A,N/A,D
2023-01-06,split,DAVE,DAVE INC,0.03125,N/A,N/A,DAVE
2012-03-26,split,DCI,DONALDSON CO INC,2,N/A,N/A,DCI
2004-03-22,split,DCI,DONALDSON CO INC,2,N/A,N/A,DCI
1998-01-14,split,DCI,DONALDSON CO INC,2,N/A,N/A,DCI
2026-06-24,split,DD,DUPONT DE NEMOURS INC,0.33333,N/A,N/A,DD
2019-06-03,split,DD,DUPONT DE NEMOURS INC,0.33333,N/A,N/A,DD
2000-06-19,split,DD,DUPONT DE NEMOURS INC,3,N/A,N/A,DD
2007-12-04,split,DE,DEERE & CO,2,N/A,N/A,DE
2024-09-17,split,DECK,DECKERS OUTDOOR CORP,6,N/A,N/A,DECK
2010-07-06,split,DECK,DECKERS OUTDOOR CORP,3,N/A,N/A,DECK
2018-12-28,split,DELL,DELL TECHNOLOGIES INC,1.8066,N/A,N/A,DELL
2009-09-11,split,DG,DOLLAR GENERAL CORP,0.61209,N/A,N/A,DG
2005-06-21,split,DGX,QUEST DIAGNOSTICS INC,2,N/A,N/A,DGX
2001-06-01,split,DGX,QUEST DIAGNOSTICS INC,2,N/A,N/A,DGX
2005-03-17,split,DHI,HORTON D R INC,1.33333,N/A,N/A,DHI
2004-01-13,split,DHI,HORTON D R INC,1.5,N/A,N/A,DHI
2002-04-10,split,DHI,HORTON D R INC,1.5,N/A,N/A,DHI
2010-06-14,split,DHR,DANAHER CORP,2,N/A,N/A,DHR
2004-05-21,split,DHR,DANAHER CORP,2,N/A,N/A,DHR
1998-06-01,split,DHR,DANAHER CORP,2,N/A,N/A,DHR
2011-09-01,split,DINO,HF SINCLAIR CORP,2,N/A,N/A,DINO
2006-06-02,split,DINO,HF SINCLAIR CORP,2,N/A,N/A,DINO
2004-08-31,split,DINO,HF SINCLAIR CORP,2,N/A,N/A,DINO
2001-07-09,split,DINO,HF SINCLAIR CORP,2,N/A,N/A,DINO
2007-07-31,split,DIOD,DIODES INC,1.5,N/A,N/A,DIOD
2005-12-01,split,DIOD,DIODES INC,1.5,N/A,N/A,DIOD
2003-11-26,split,DIOD,DIODES INC,1.5,N/A,N/A,DIOD
2000-07-17,split,DIOD,DIODES INC,1.5,N/A,N/A,DIOD
1998-07-10,split,DIS,WALT DISNEY CO,3,N/A,N/A,DIS
2007-10-22,split,DKS,DICK'S SPORTING GOODS INC,2,N/A,N/A,DKS
2004-04-06,split,DKS,DICK'S SPORTING GOODS INC,2,N/A,N/A,DKS
2012-06-27,split,DLTR,DOLLAR TREE INC,2,N/A,N/A,DLTR
2010-06-25,split,DLTR,DOLLAR TREE INC,1.5,N/A,N/A,DLTR
2000-06-20,split,DLTR,DOLLAR TREE INC,1.5,N/A,N/A,DLTR
1998-06-30,split,DLTR,DOLLAR TREE INC,1.5,N/A,N/A,DLTR
2004-03-02,split,DOC,HEALTHPEAK PROPERTIES INC,2,N/A,N/A,DOC
2012-06-18,split,DORM,DORMAN PRODUCTS INC,2,N/A,N/A,DORM
2005-03-29,split,DORM,DORMAN PRODUCTS INC,2,N/A,N/A,DORM
2002-05-02,split,DRI,DARDEN RESTAURANTS INC,1.5,N/A,N/A,DRI
2012-07-03,split,DUK,DUKE ENERGY CORP,0.33333,N/A,N/A,DUK
2001-01-29,split,DUK,DUKE ENERGY CORP,2,N/A,N/A,DUK
2013-09-09,split,DVA,DAVITA INC,2,N/A,N/A,DVA
2004-06-16,split,DVA,DAVITA INC,1.5,N/A,N/A,DVA
2004-11-16,split,DVN,DEVON ENERGY CORP,2,N/A,N/A,DVN
2022-06-13,split,DXCM,DEXCOM INC,4,N/A,N/A,DXCM
2008-10-01,split,DXPE,DXP ENTERPRISES INC,2,N/A,N/A,DXPE
1998-07-20,split,DXPE,DXP ENTERPRISES INC,0.5,N/A,N/A,DXPE
2000-02-17,split,DY,DYCOM INDUSTRIES INC,1.5,N/A,N/A,DY
1999-01-05,split,DY,DYCOM INDUSTRIES INC,1.5,N/A,N/A,DY
2006-12-01,split,EAT,BRINKER INTERNATIONAL INC,1.5,N/A,N/A,EAT
2001-01-17,split,EAT,BRINKER INTERNATIONAL INC,1.5,N/A,N/A,EAT
2005-02-17,split,EBAY,EBAY INC,2,N/A,N/A,EBAY
2003-08-29,split,EBAY,EBAY INC,2,N/A,N/A,EBAY
2000-05-25,split,EBAY,EBAY INC,2,N/A,N/A,EBAY
1999-03-02,split,EBAY,EBAY INC,3,N/A,N/A,EBAY
2024-10-31,split,ECG,EVERUS CONSTRUCTION GROUP INC,50972,N/A,N/A,ECG
2003-06-09,split,ECL,ECOLAB INC,2,N/A,N/A,ECL
1998-01-16,split,ECL,ECOLAB INC,2,N/A,N/A,ECL
2006-10-26,split,EHC,ENCOMPASS HEALTH CORP,0.2,N/A,N/A,EHC
2012-01-23,split,EL,ESTEE LAUDER COMPANIES INC,2,N/A,N/A,EL
1999-06-03,split,EL,ESTEE LAUDER COMPANIES INC,2,N/A,N/A,EL
2019-10-16,split,ELS,EQUITY LIFESTYLE PROPERTIES INC,2,N/A,N/A,ELS
2013-07-16,split,ELS,EQUITY LIFESTYLE PROPERTIES INC,2,N/A,N/A,ELS
2005-06-01,split,ELV,ELEVANCE HEALTH INC,2,N/A,N/A,ELV
2007-07-10,split,EME,EMCOR GROUP INC,2,N/A,N/A,EME
2006-02-13,split,EME,EMCOR GROUP INC,2,N/A,N/A,EME
2011-10-04,split,EMN,EASTMAN CHEMICAL CO,2,N/A,N/A,EMN
2006-12-12,split,EMR,EMERSON ELECTRIC CO,2,N/A,N/A,EMR
2015-12-24,split,ENSG,ENSIGN GROUP INC,2,N/A,N/A,ENSG
2014-04-01,split,EOG,EOG RESOURCES INC,2,N/A,N/A,EOG
2005-03-02,split,EOG,EOG RESOURCES INC,2,N/A,N/A,EOG
2012-01-19,split,EPAM,EPAM SYSTEMS INC,8,N/A,N/A,EPAM
2002-12-31,split,EQIX,EQUINIX INC,0.03125,N/A,N/A,EQIX
2005-09-02,split,EQT,EQT CORP,2,N/A,N/A,EQT
2001-06-12,split,EQT,EQT CORP,2,N/A,N/A,EQT
2005-09-26,split,ESE,ESCO TECHNOLOGIES INC,2,N/A,N/A,ESE
2011-03-01,split,ETN,EATON CORP PLC,2,N/A,N/A,ETN
2004-02-24,split,ETN,EATON CORP PLC,2,N/A,N/A,ETN
2024-12-13,split,ETR,ENTERGY CORP,2,N/A,N/A,ETR
2020-06-01,split,EW,EDWARDS LIFESCIENCES CORP,3,N/A,N/A,EW
2015-12-14,split,EW,EDWARDS LIFESCIENCES CORP,2,N/A,N/A,EW
2010-05-28,split,EW,EDWARDS LIFESCIENCES CORP,2,N/A,N/A,EW
2004-06-22,split,EWBC,EAST WEST BANCORP INC,2,N/A,N/A,EWBC
2004-05-06,split,EXC,EXELON CORP,2,N/A,N/A,EXC
2023-08-02,split,EXLS,EXLSERVICE HOLDINGS INC,5,N/A,N/A,EXLS
2006-02-27,split,EXP,EAGLE MATERIALS INC,3,N/A,N/A,EXP
2006-06-26,split,EXPD,EXPEDITORS INTERNATIONAL OF WASHINGTON INC,2,N/A,N/A,EXPD
2002-06-25,split,EXPD,EXPEDITORS INTERNATIONAL OF WASHINGTON INC,2,N/A,N/A,EXPD
1999-06-01,split,EXPD,EXPEDITORS INTERNATIONAL OF WASHINGTON INC,2,N/A,N/A,EXPD
2011-12-21,split,EXPE,EXPEDIA GROUP INC,0.5,N/A,N/A,EXPE
2000-02-25,split,EXPE,EXPEDIA GROUP INC,2,N/A,N/A,EXPE
1998-03-27,split,EXPE,EXPEDIA GROUP INC,2,N/A,N/A,EXPE
2018-06-08,split,EXPO,EXPONENT INC,2,N/A,N/A,EXPO
2015-06-05,split,EXPO,EXPONENT INC,2,N/A,N/A,EXPO
2006-06-12,split,EXPO,EXPONENT INC,2,N/A,N/A,EXPO
2000-08-25,split,EXTR,EXTREME NETWORKS INC,2,N/A,N/A,EXTR
2006-12-12,split,EZPW,EZCORP INC,3,N/A,N/A,EZPW
2025-05-22,split,FAST,FASTENAL CO,2,N/A,N/A,FAST
2019-05-23,split,FAST,FASTENAL CO,2,N/A,N/A,FAST
2011-05-23,split,FAST,FASTENAL CO,2,N/A,N/A,FAST
2005-11-14,split,FAST,FASTENAL CO,2,N/A,N/A,FAST
2002-05-13,split,FAST,FASTENAL CO,2,N/A,N/A,FAST
2004-11-16,split,FBNC,FIRST BANCORP,1.5,N/A,N/A,FBNC
1999-09-14,split,FBNC,FIRST BANCORP,1.5,N/A,N/A,FBNC
2011-01-07,split,FBP,FIRST BANCORP,0.06667,N/A,N/A,FBP
2005-07-01,split,FBP,FIRST BANCORP,2,N/A,N/A,FBP
2002-10-01,split,FBP,FIRST BANCORP,1.5,N/A,N/A,FBP
1998-06-01,split,FBP,FIRST BANCORP,2,N/A,N/A,FBP
1999-11-19,split,FCF,FIRST COMMONWEALTH FINANCIAL CORP,2,N/A,N/A,FCF
2006-02-22,split,FCFS,FIRSTCASH HOLDINGS INC,2,N/A,N/A,FCFS
2004-04-06,split,FCFS,FIRSTCASH HOLDINGS INC,1.5,N/A,N/A,FCFS
2003-06-05,split,FCN,FTI CONSULTING INC,1.5,N/A,N/A,FCN
2002-01-17,split,FCN,FTI CONSULTING INC,1.5,N/A,N/A,FCN
2011-02-02,split,FCX,FREEPORT-MCMORAN INC,2,N/A,N/A,FCX
2005-02-07,split,FDS,FACTSET RESEARCH SYSTEMS INC,1.5,N/A,N/A,FDS
2000-02-07,split,FDS,FACTSET RESEARCH SYSTEMS INC,2,N/A,N/A,FDS
1999-02-08,split,FDS,FACTSET RESEARCH SYSTEMS INC,1.5,N/A,N/A,FDS
1999-05-07,split,FDX,FEDEX CORP,2,N/A,N/A,FDX
2013-03-19,split,FELE,FRANKLIN ELECTRIC CO INC,2,N/A,N/A,FELE
2004-06-16,split,FELE,FRANKLIN ELECTRIC CO INC,2,N/A,N/A,FELE
2002-03-25,split,FELE,FRANKLIN ELECTRIC CO INC,2,N/A,N/A,FELE
1998-06-02,split,FFBC,FIRST FINANCIAL BANCORP,2,N/A,N/A,FFBC
2019-06-04,split,FFIN,FIRST FINANCIAL BANKSHARES INC,2,N/A,N/A,FFIN
2014-06-03,split,FFIN,FIRST FINANCIAL BANKSHARES INC,2,N/A,N/A,FFIN
2011-06-02,split,FFIN,FIRST FINANCIAL BANKSHARES INC,1.5,N/A,N/A,FFIN
2005-06-02,split,FFIN,FIRST FINANCIAL BANKSHARES INC,1.33333,N/A,N/A,FFIN
2001-06-04,split,FFIN,FIRST FINANCIAL BANKSHARES INC,1.25,N/A,N/A,FFIN
2007-08-21,split,FFIV,F5 INC,2,N/A,N/A,FFIV
2000-07-18,split,FHI,FEDERATED HERMES INC,1.5,N/A,N/A,FHI
1998-02-23,split,FHN,FIRST HORIZON CORP,2,N/A,N/A,FHN
2010-02-20,split,FIBK,FIRST INTERSTATE BANCSYSTEM INC,4,N/A,N/A,FIBK
2004-03-11,split,FICO,FAIR ISAAC CORP,1.5,N/A,N/A,FICO
2002-06-06,split,FICO,FAIR ISAAC CORP,1.5,N/A,N/A,FICO
2001-06-05,split,FICO,FAIR ISAAC CORP,1.5,N/A,N/A,FICO
2000-07-17,split,FITB,FIFTH THIRD BANCORP,1.5,N/A,N/A,FITB
1998-04-16,split,FITB,FIFTH THIRD BANCORP,1.5,N/A,N/A,FITB
2021-02-22,split,FIZZ,NATIONAL BEVERAGE CORP,2,N/A,N/A,FIZZ
2004-03-23,split,FIZZ,NATIONAL BEVERAGE CORP,2,N/A,N/A,FIZZ
2000-10-17,split,FLEX,FLEX LTD,2,N/A,N/A,FLEX
1999-12-23,split,FLEX,FLEX LTD,2,N/A,N/A,FLEX
1999-01-12,split,FLEX,FLEX LTD,2,N/A,N/A,FLEX
2024-07-12,split,FLG,FLAGSTAR BANK NATIONAL ASSOCIATION,0.33333,N/A,N/A,FLG
2004-02-18,split,FLG,FLAGSTAR BANK NATIONAL ASSOCIATION,1.33333,N/A,N/A,FLG
2003-05-22,split,FLG,FLAGSTAR BANK NATIONAL ASSOCIATION,1.33333,N/A,N/A,FLG
2001-09-21,split,FLG,FLAGSTAR BANK NATIONAL ASSOCIATION,1.5,N/A,N/A,FLG
2001-03-30,split,FLG,FLAGSTAR BANK NATIONAL ASSOCIATION,1.5,N/A,N/A,FLG
1998-09-30,split,FLG,FLAGSTAR BANK NATIONAL ASSOCIATION,1.5,N/A,N/A,FLG
2008-07-17,split,FLR,FLUOR CORP,2,N/A,N/A,FLR
2013-06-24,split,FLS,FLOWSERVE CORP,3,N/A,N/A,FLS
2022-06-23,split,FTNT,FORTINET INC,5,N/A,N/A,FTNT
2011-06-02,split,FTNT,FORTINET INC,2,N/A,N/A,FTNT
2006-08-07,split,FUL,FULLER H B CO,2,N/A,N/A,FUL
2001-11-19,split,FUL,FULLER H B CO,2,N/A,N/A,FUL
2006-05-17,split,FULT,FULTON FINANCIAL CORP,1.05,N/A,N/A,FULT
2005-06-09,split,FULT,FULTON FINANCIAL CORP,1.25,N/A,N/A,FULT
2004-05-12,split,FULT,FULTON FINANCIAL CORP,1.05,N/A,N/A,FULT
2003-04-28,split,FULT,FULTON FINANCIAL CORP,1.05,N/A,N/A,FULT
2002-05-21,split,FULT,FULTON FINANCIAL CORP,1.25,N/A,N/A,FULT
2001-04-30,split,FULT,FULTON FINANCIAL CORP,1.05,N/A,N/A,FULT
2000-05-04,split,FULT,FULTON FINANCIAL CORP,1.05,N/A,N/A,FULT
1999-05-06,split,FULT,FULTON FINANCIAL CORP,1.1,N/A,N/A,FULT
1998-05-28,split,FULT,FULTON FINANCIAL CORP,1.25,N/A,N/A,FULT
1999-06-22,split,GAP,GAP INC,1.5,N/A,N/A,GAP
1998-12-01,split,GAP,GAP INC,1.5,N/A,N/A,GAP
1998-06-02,split,GATX,GATX CORP,2,N/A,N/A,GATX
2006-12-15,split,GBCI,GLACIER BANCORP INC,1.5,N/A,N/A,GBCI
2005-05-27,split,GBCI,GLACIER BANCORP INC,1.25,N/A,N/A,GBCI
2004-05-21,split,GBCI,GLACIER BANCORP INC,1.25,N/A,N/A,GBCI
2006-03-27,split,GD,GENERAL DYNAMICS CORP,2,N/A,N/A,GD
1998-04-03,split,GD,GENERAL DYNAMICS CORP,2,N/A,N/A,GD
2021-08-02,split,GE,GE AEROSPACE,0.125,N/A,N/A,GE
2000-05-08,split,GE,GE AEROSPACE,3,N/A,N/A,GE
2007-04-12,split,GEF,GREIF INC,2,N/A,N/A,GEF
2004-12-01,split,GEN,GEN DIGITAL INC,2,N/A,N/A,GEN
2003-11-20,split,GEN,GEN DIGITAL INC,2,N/A,N/A,GEN
2002-02-01,split,GEN,GEN DIGITAL INC,2,N/A,N/A,GEN
2017-04-25,split,GEO,GEO GROUP INC,1.5,N/A,N/A,GEO
2007-06-01,split,GEO,GEO GROUP INC,2,N/A,N/A,GEO
2006-10-02,split,GEO,GEO GROUP INC,1.5,N/A,N/A,GEO
2017-12-28,split,GGG,GRACO INC,3,N/A,N/A,GGG
2004-03-31,split,GGG,GRACO INC,1.5,N/A,N/A,GGG
2002-06-07,split,GGG,GRACO INC,1.5,N/A,N/A,GGG
2001-02-07,split,GGG,GRACO INC,1.5,N/A,N/A,GGG
1998-02-05,split,GGG,GRACO INC,1.5,N/A,N/A,GGG
2013-01-28,split,GILD,GILEAD SCIENCES INC,2,N/A,N/A,GILD
2007-06-25,split,GILD,GILEAD SCIENCES INC,2,N/A,N/A,GILD
2004-09-07,split,GILD,GILEAD SCIENCES INC,2,N/A,N/A,GILD
2002-03-08,split,GILD,GILEAD SCIENCES INC,2,N/A,N/A,GILD
2001-02-22,split,GILD,GILEAD SCIENCES INC,2,N/A,N/A,GILD
2010-06-09,split,GIS,GENERAL MILLS INC,2,N/A,N/A,GIS
1999-11-09,split,GIS,GENERAL MILLS INC,2,N/A,N/A,GIS
2014-07-02,split,GL,GLOBE LIFE INC,1.5,N/A,N/A,GL
2011-07-05,split,GL,GLOBE LIFE INC,1.5,N/A,N/A,GL
2000-10-04,split,GLW,CORNING INC,3,N/A,N/A,GLW
2010-11-01,split,GM,GENERAL MOTORS CO,3,N/A,N/A,GM
2022-07-22,split,GME,GAMESTOP CORP,4,N/A,N/A,GME
2007-03-19,split,GME,GAMESTOP CORP,2,N/A,N/A,GME
2010-02-08,split,GNRC,GENERAC HOLDINGS INC,0.30358,N/A,N/A,GNRC
2015-01-02,split,GNTX,GENTEX CORP,2,N/A,N/A,GNTX
2005-05-09,split,GNTX,GENTEX CORP,2,N/A,N/A,GNTX
1998-06-22,split,GNTX,GENTEX CORP,2,N/A,N/A,GNTX
2022-07-18,split,GOOG,ALPHABET INC,20,N/A,N/A,GOOG
2022-07-18,split,GOOGL,ALPHABET INC,20,N/A,N/A,GOOGL
2014-04-03,split,GOOGL,ALPHABET INC,2,N/A,N/A,GOOGL
2015-11-03,split,GPN,GLOBAL PAYMENTS INC,2,N/A,N/A,GPN
2005-10-31,split,GPN,GLOBAL PAYMENTS INC,2,N/A,N/A,GPN
2014-09-24,split,GRBK,GREEN BRICK PARTNERS INC,1.532,N/A,N/A,GRBK
2012-06-15,split,GRBK,GREEN BRICK PARTNERS INC,0.05,N/A,N/A,GRBK
2007-06-13,split,GRBK,GREEN BRICK PARTNERS INC,5042.104,N/A,N/A,GRBK
2006-08-16,split,GRMN,GARMIN LTD,2,N/A,N/A,GRMN
2001-04-16,split,GVA,GRANITE CONSTRUCTION INC,1.5,N/A,N/A,GVA
1998-08-10,split,GVA,GRANITE CONSTRUCTION INC,1.5,N/A,N/A,GVA
1998-06-15,split,GWW,WW GRAINGER INC,2,N/A,N/A,GWW
2012-12-03,split,HAE,HAEMONETICS CORP,2,N/A,N/A,HAE
2006-07-17,split,HAL,HALLIBURTON CO,2,N/A,N/A,HAL
1999-03-16,split,HAS,HASBRO INC,1.5,N/A,N/A,HAS
1999-12-31,split,HD,HOME DEPOT INC,1.5,N/A,N/A,HD
1998-07-06,split,HD,HOME DEPOT INC,2,N/A,N/A,HD
1998-07-16,split,HIG,HARTFORD INSURANCE GROUP INC,2,N/A,N/A,HIG
2017-01-04,split,HLT,HILTON WORLDWIDE HOLDINGS INC,0.33333,N/A,N/A,HLT
1998-03-30,split,HNI,HNI CORP,2,N/A,N/A,HNI
2000-04-10,split,HOG,HARLEY-DAVIDSON INC,2,N/A,N/A,HOG
2016-06-09,split,HOMB,HOME BANCSHARES INC,2,N/A,N/A,HOMB
2013-06-13,split,HOMB,HOME BANCSHARES INC,2,N/A,N/A,HOMB
2026-06-29,split,HON,HONEYWELL INTERNATIONAL INC,0.5,N/A,N/A,HON
2006-07-10,split,HP,HELMERICH & PAYNE INC,2,N/A,N/A,HP
1998-01-02,split,HP,HELMERICH & PAYNE INC,2,N/A,N/A,HP
2000-10-30,split,HPQ,HP INC,2,N/A,N/A,HPQ
2014-12-16,split,HR,HEALTHCARE REALTY TRUST INC,0.5,N/A,N/A,HR
2005-08-23,split,HRB,H&R BLOCK INC,2,N/A,N/A,HRB
2001-08-02,split,HRB,H&R BLOCK INC,2,N/A,N/A,HRB
2016-02-10,split,HRL,HORMEL FOODS CORP,2,N/A,N/A,HRL
2011-02-15,split,HRL,HORMEL FOODS CORP,2,N/A,N/A,HRL
2000-02-16,split,HRL,HORMEL FOODS CORP,2,N/A,N/A,HRL
2017-09-15,split,HSIC,HENRY SCHEIN INC,2,N/A,N/A,HSIC
2005-03-01,split,HSIC,HENRY SCHEIN INC,2,N/A,N/A,HSIC
2004-06-16,split,HSY,HERSHEY CO,2,N/A,N/A,HSY
2006-03-17,split,HTO,H2O AMERICA,2,N/A,N/A,HTO
2004-03-02,split,HTO,H2O AMERICA,3,N/A,N/A,HTO
2024-01-29,split,HUBG,HUB GROUP INC,2,N/A,N/A,HUBG
2006-06-07,split,HUBG,HUB GROUP INC,2,N/A,N/A,HUBG
2005-05-12,split,HUBG,HUB GROUP INC,2,N/A,N/A,HUBG
2004-03-19,split,HWC,HANCOCK WHITNEY CORP,2,N/A,N/A,HWC
2002-08-06,split,HWC,HANCOCK WHITNEY CORP,1.5,N/A,N/A,HWC
2021-03-02,split,HWKN,HAWKINS INC,2,N/A,N/A,HWKN
2016-10-06,split,HWM,HOWMET AEROSPACE INC,0.33333,N/A,N/A,HWM
2000-06-12,split,HWM,HOWMET AEROSPACE INC,2,N/A,N/A,HWM
1999-02-26,split,HWM,HOWMET AEROSPACE INC,2,N/A,N/A,HWM
2025-06-18,split,IBKR,INTERACTIVE BROKERS GROUP INC,4,N/A,N/A,IBKR
1999-05-27,split,IBM,INTERNATIONAL BUSINESS MACHINES CORP,2,N/A,N/A,IBM
2007-05-17,split,IBOC,INTERNATIONAL BANCSHARES CORP,1.1,N/A,N/A,IBOC
2005-06-01,split,IBOC,INTERNATIONAL BANCSHARES CORP,1.25,N/A,N/A,IBOC
2004-06-01,split,IBOC,INTERNATIONAL BANCSHARES CORP,1.25,N/A,N/A,IBOC
2003-06-17,split,IBOC,INTERNATIONAL BANCSHARES CORP,1.25,N/A,N/A,IBOC
2002-06-17,split,IBOC,INTERNATIONAL BANCSHARES CORP,1.25,N/A,N/A,IBOC
2001-06-18,split,IBOC,INTERNATIONAL BANCSHARES CORP,1.25,N/A,N/A,IBOC
2000-06-13,split,IBOC,INTERNATIONAL BANCSHARES CORP,1.25,N/A,N/A,IBOC
1999-06-14,split,IBOC,INTERNATIONAL BANCSHARES CORP,1.25,N/A,N/A,IBOC
1998-06-15,split,IBOC,INTERNATIONAL BANCSHARES CORP,1.25,N/A,N/A,IBOC
2016-11-04,split,ICE,INTERCONTINENTAL EXCHANGE INC,5,N/A,N/A,ICE
2002-03-18,split,ICUI,ICU MEDICAL INC,1.5,N/A,N/A,ICUI
2015-06-16,split,IDXX,IDEXX LABORATORIES INC,2,N/A,N/A,IDXX
2007-11-27,split,IDXX,IDEXX LABORATORIES INC,2,N/A,N/A,IDXX
2007-05-22,split,IEX,IDEX CORP,1.5,N/A,N/A,IEX
2004-06-01,split,IEX,IDEX CORP,1.5,N/A,N/A,IEX
2008-09-23,split,ILMN,ILLUMINA INC,2,N/A,N/A,ILMN
2000-09-01,split,INCY,INCYTE CORP,2,N/A,N/A,INCY
2022-10-10,split,INDV,INDIVIOR PHARMACEUTICALS INC,0.2,N/A,N/A,INDV
2005-01-26,split,INGR,INGREDION INC,2,N/A,N/A,INGR
2016-11-12,split,INSW,INTERNATIONAL SEAWAYS INC,285269,N/A,N/A,INSW
2000-07-31,split,INTC,INTEL CORP,2,N/A,N/A,INTC
1999-04-12,split,INTC,INTEL CORP,2,N/A,N/A,INTC
2006-07-07,split,INTU,INTUIT INC,2,N/A,N/A,INTU
1999-10-01,split,INTU,INTUIT INC,3,N/A,N/A,INTU
2007-07-23,split,IOSP,INNOSPEC INC,2,N/A,N/A,IOSP
2008-06-02,split,IPAR,INTERPARFUMS INC,1.5,N/A,N/A,IPAR
2001-09-20,split,IPAR,INTERPARFUMS INC,1.5,N/A,N/A,IPAR
2000-06-16,split,IPAR,INTERPARFUMS INC,1.5,N/A,N/A,IPAR
2007-01-03,split,IRM,IRON MOUNTAIN INC,1.5,N/A,N/A,IRM
2004-07-01,split,IRM,IRON MOUNTAIN INC,1.5,N/A,N/A,IRM
2002-01-02,split,IRM,IRON MOUNTAIN INC,1.5,N/A,N/A,IRM
1998-08-03,split,IRM,IRON MOUNTAIN INC,1.5,N/A,N/A,IRM
2021-10-05,split,ISRG,INTUITIVE SURGICAL INC,3,N/A,N/A,ISRG
2017-10-06,split,ISRG,INTUITIVE SURGICAL INC,3,N/A,N/A,ISRG
2003-07-01,split,ISRG,INTUITIVE SURGICAL INC,0.5,N/A,N/A,ISRG
2011-11-01,split,ITT,ITT INC,0.5,N/A,N/A,ITT
2006-02-22,split,ITT,ITT INC,2,N/A,N/A,ITT
2006-05-26,split,ITW,ILLINOIS TOOL WORKS INC,2,N/A,N/A,ITW
2021-08-06,split,IVT,INVENTRUST PROPERTIES CORP,0.1,N/A,N/A,IVT
2007-11-01,split,IVZ,INVESCO LTD,0.5,N/A,N/A,IVZ
2000-11-08,split,IVZ,INVESCO LTD,2.5,N/A,N/A,IVZ
1998-04-27,split,IVZ,INVESCO LTD,2,N/A,N/A,IVZ
2007-03-16,split,J,JACOBS SOLUTIONS INC,2,N/A,N/A,J
2002-04-02,split,J,JACOBS SOLUTIONS INC,2,N/A,N/A,J
2005-05-24,split,JBHT,HUNT J B TRANSPORT SERVICES INC,2,N/A,N/A,JBHT
2003-09-02,split,JBHT,HUNT J B TRANSPORT SERVICES INC,2,N/A,N/A,JBHT
2000-03-31,split,JBL,JABIL INC,2,N/A,N/A,JBL
1999-02-18,split,JBL,JABIL INC,2,N/A,N/A,JBL
2007-10-03,split,JCI,JOHNSON CONTROLS INTERNATIONAL PLC,3,N/A,N/A,JCI
2004-01-05,split,JCI,JOHNSON CONTROLS INTERNATIONAL PLC,2,N/A,N/A,JCI
2006-06-15,split,JEF,JEFFERIES FINANCIAL GROUP INC,2,N/A,N/A,JEF
2005-01-03,split,JEF,JEFFERIES FINANCIAL GROUP INC,1.5,N/A,N/A,JEF
2001-03-05,split,JKHY,JACK HENRY & ASSOCIATES INC,2,N/A,N/A,JKHY
2000-03-03,split,JKHY,JACK HENRY & ASSOCIATES INC,2,N/A,N/A,JKHY
2001-06-13,split,JNJ,JOHNSON & JOHNSON,2,N/A,N/A,JNJ
1998-01-13,split,JOE,ST JOE CO,3,N/A,N/A,JOE
2000-06-12,split,JPM,JPMORGAN CHASE & CO,1.5,N/A,N/A,JPM
1998-06-15,split,JPM,JPMORGAN CHASE & CO,2,N/A,N/A,JPM
2021-08-30,split,JXN,JACKSON FINANCIAL INC,104960.38363,N/A,N/A,JXN
2001-07-12,split,KAI,KADANT INC,0.2,N/A,N/A,KAI
2005-04-29,split,KBH,KB HOME,2,N/A,N/A,KBH
2006-06-01,split,KEX,KIRBY CORP,2,N/A,N/A,KEX
1998-03-09,split,KEY,KEYCORP,2,N/A,N/A,KEY
2023-06-20,split,KGS,KODIAK GAS SERVICES INC,590000,N/A,N/A,KGS
2005-08-24,split,KIM,KIMCO REALTY CORP,2,N/A,N/A,KIM
2001-12-24,split,KIM,KIMCO REALTY CORP,1.5,N/A,N/A,KIM
2026-06-12,split,KLAC,KLA CORP,10,N/A,N/A,KLAC
2000-01-19,split,KLAC,KLA CORP,2,N/A,N/A,KLAC
2007-12-19,split,KMT,KENNAMETAL INC,2,N/A,N/A,KMT
2007-03-27,split,KMX,CARMAX INC,2,N/A,N/A,KMX
2022-06-09,split,KNTK,KINETIK HOLDINGS INC,2,N/A,N/A,KNTK
2020-07-01,split,KNTK,KINETIK HOLDINGS INC,0.05,N/A,N/A,KNTK
2017-09-11,split,KNX,KNIGHT-SWIFT TRANSPORTATION HOLDINGS INC,0.72,N/A,N/A,KNX
2012-08-13,split,KO,COCA COLA CO,2,N/A,N/A,KO
2015-07-14,split,KR,KROGER CO,2,N/A,N/A,KR
1999-06-29,split,KR,KROGER CO,2,N/A,N/A,KR
2014-08-12,split,KRG,KITE REALTY GROUP TRUST,0.25,N/A,N/A,KRG
2000-04-25,split,KSS,KOHLS CORP,2,N/A,N/A,KSS
1998-04-28,split,KSS,KOHLS CORP,2,N/A,N/A,KSS
2009-09-11,split,KTOS,KRATOS DEFENSE & SECURITY SOLUTIONS INC,0.1,N/A,N/A,KTOS
2006-05-09,split,L,LOEWS CORP,3,N/A,N/A,L
2001-03-21,split,L,LOEWS CORP,2,N/A,N/A,L
1998-03-02,split,LAMR,LAMAR ADVERTISING CO,1.5,N/A,N/A,LAMR
2005-09-08,split,LCII,LCI INDUSTRIES,2,N/A,N/A,LCII
2013-09-30,split,LDOS,LEIDOS HOLDINGS INC,0.25,N/A,N/A,LDOS
2011-03-18,split,LEA,LEAR CORP,2,N/A,N/A,LEA
2011-06-01,split,LECO,LINCOLN ELECTRIC HOLDINGS INC,2,N/A,N/A,LECO
1998-06-16,split,LECO,LINCOLN ELECTRIC HOLDINGS INC,2,N/A,N/A,LECO
2004-01-21,split,LEN,LENNAR CORP,2,N/A,N/A,LEN
2010-11-19,split,LGND,LIGAND PHARMACEUTICALS INC,0.16667,N/A,N/A,LGND
2002-05-13,split,LH,LABCORP HOLDINGS INC,2,N/A,N/A,LH
2001-06-12,split,LH,LABCORP HOLDINGS INC,2,N/A,N/A,LH
2000-05-04,split,LH,LABCORP HOLDINGS INC,0.1,N/A,N/A,LH
2005-03-31,split,LHX,L3HARRIS TECHNOLOGIES INC,2,N/A,N/A,LHX
2012-09-19,split,LKQ,LKQ CORP,2,N/A,N/A,LKQ
2007-12-04,split,LKQ,LKQ CORP,2,N/A,N/A,LKQ
2006-01-17,split,LKQ,LKQ CORP,2,N/A,N/A,LKQ
1999-01-04,split,LMT,LOCKHEED MARTIN CORP,2,N/A,N/A,LMT
1999-06-22,split,LNC,LINCOLN NATIONAL CORP,2,N/A,N/A,LNC
2016-05-20,split,LNT,ALLIANT ENERGY CORP,2,N/A,N/A,LNT
2006-07-03,split,LOW,LOWES COMPANIES INC,2,N/A,N/A,LOW
2001-07-02,split,LOW,LOWES COMPANIES INC,2,N/A,N/A,LOW
1998-06-29,split,LOW,LOWES COMPANIES INC,2,N/A,N/A,LOW
2024-10-03,split,LRCX,LAM RESEARCH CORP,10,N/A,N/A,LRCX
2000-03-17,split,LRCX,LAM RESEARCH CORP,3,N/A,N/A,LRCX
2000-10-12,split,LSCC,LATTICE SEMICONDUCTOR CORP,2,N/A,N/A,LSCC
1999-09-17,split,LSCC,LATTICE SEMICONDUCTOR CORP,2,N/A,N/A,LSCC
2005-01-10,split,LSTR,LANDSTAR SYSTEM INC,2,N/A,N/A,LSTR
2003-11-14,split,LSTR,LANDSTAR SYSTEM INC,2,N/A,N/A,LSTR
2002-08-13,split,LSTR,LANDSTAR SYSTEM INC,2,N/A,N/A,LSTR
2011-07-12,split,LULU,LULULEMON ATHLETICA INC,2,N/A,N/A,LULU
2001-02-16,split,LUV,SOUTHWEST AIRLINES CO,1.5,N/A,N/A,LUV
1999-07-20,split,LUV,SOUTHWEST AIRLINES CO,1.5,N/A,N/A,LUV
1998-08-21,split,LUV,SOUTHWEST AIRLINES CO,1.5,N/A,N/A,LUV
2004-12-11,split,LVS,LAS VEGAS SANDS CORP,266,N/A,N/A,LVS
2025-11-11,split,LXP,LXP INDUSTRIAL TRUST,0.2,N/A,N/A,LXP
2006-06-12,split,M,MACY'S INC,2,N/A,N/A,M
2014-01-22,split,MA,MASTERCARD INC,10,N/A,N/A,MA
2014-01-13,split,MANH,MANHATTAN ASSOCIATES INC,4,N/A,N/A,MANH
2006-06-12,split,MAR,MARRIOTT INTERNATIONAL INC,2,N/A,N/A,MAR
2019-04-08,split,MARA,MARA HOLDINGS INC,0.25,N/A,N/A,MARA
2017-10-30,split,MARA,MARA HOLDINGS INC,0.25,N/A,N/A,MARA
2014-12-23,split,MARA,MARA HOLDINGS INC,2,N/A,N/A,MARA
2013-07-22,split,MARA,MARA HOLDINGS INC,0.07692,N/A,N/A,MARA
1998-07-13,split,MAS,MASCO CORP,2,N/A,N/A,MAS
2022-01-18,split,MBIN,MERCHANTS BANCORP,1.5,N/A,N/A,MBIN
1999-03-08,split,MCD,MCDONALDS CORP,2,N/A,N/A,MCD
2021-10-13,split,MCHP,MICROCHIP TECHNOLOGY INC,2,N/A,N/A,MCHP
2002-05-09,split,MCHP,MICROCHIP TECHNOLOGY INC,1.5,N/A,N/A,MCHP
2000-09-27,split,MCHP,MICROCHIP TECHNOLOGY INC,1.5,N/A,N/A,MCHP
2000-02-08,split,MCHP,MICROCHIP TECHNOLOGY INC,1.5,N/A,N/A,MCHP
1998-01-05,split,MCK,MCKESSON CORP,2,N/A,N/A,MCK
2005-05-19,split,MCO,MOODYS CORP,2,N/A,N/A,MCO
2005-03-31,split,MCRI,MONARCH CASINO & RESORT INC,2,N/A,N/A,MCRI
2013-12-20,split,MD,PEDIATRIX MEDICAL GROUP INC,2,N/A,N/A,MD
2006-04-28,split,MD,PEDIATRIX MEDICAL GROUP INC,2,N/A,N/A,MD
1999-09-27,split,MDT,MEDTRONIC PLC,2,N/A,N/A,MDT
2006-07-27,split,MDU,MDU RESOURCES GROUP INC,1.5,N/A,N/A,MDU
2003-10-30,split,MDU,MDU RESOURCES GROUP INC,1.5,N/A,N/A,MDU
1998-07-14,split,MDU,MDU RESOURCES GROUP INC,1.5,N/A,N/A,MDU
2014-02-10,split,MGEE,MGE ENERGY INC,1.5,N/A,N/A,MGEE
2005-05-19,split,MGM,MGM RESORTS INTERNATIONAL,2,N/A,N/A,MGM
2000-02-28,split,MGM,MGM RESORTS INTERNATIONAL,2,N/A,N/A,MGM
2002-06-20,split,MHO,M/I HOMES INC,2,N/A,N/A,MHO
2014-06-27,split,MIDD,MIDDLEBY CORP,3,N/A,N/A,MIDD
2007-06-18,split,MIDD,MIDDLEBY CORP,2,N/A,N/A,MIDD
2020-12-01,split,MKC,MCCORMICK & CO INC,2,N/A,N/A,MKC
2002-04-09,split,MKC,MCCORMICK & CO INC,2,N/A,N/A,MKC
2026-07-01,split,MLI,MUELLER INDUSTRIES INC,2,N/A,N/A,MLI
2023-10-23,split,MLI,MUELLER INDUSTRIES INC,2,N/A,N/A,MLI
2014-03-31,split,MLI,MUELLER INDUSTRIES INC,2,N/A,N/A,MLI
1998-05-28,split,MLI,MUELLER INDUSTRIES INC,2,N/A,N/A,MLI
2003-09-30,split,MMM,3M CO,2,N/A,N/A,MMM
2013-07-01,split,MMS,MAXIMUS INC,2,N/A,N/A,MMS
2011-07-01,split,MMS,MAXIMUS INC,2,N/A,N/A,MMS
2011-05-06,split,MMSI,MERIT MEDICAL SYSTEMS INC,1.25,N/A,N/A,MMSI
2003-12-03,split,MMSI,MERIT MEDICAL SYSTEMS INC,1.33333,N/A,N/A,MMSI
2003-08-15,split,MMSI,MERIT MEDICAL SYSTEMS INC,1.33333,N/A,N/A,MMSI
2002-04-12,split,MMSI,MERIT MEDICAL SYSTEMS INC,1.25,N/A,N/A,MMSI
2001-08-28,split,MMSI,MERIT MEDICAL SYSTEMS INC,1.25,N/A,N/A,MMSI
2026-08-11,split,MNST,MONSTER BEVERAGE CORP,2,N/A,N/A,MNST
2023-03-28,split,MNST,MONSTER BEVERAGE CORP,2,N/A,N/A,MNST
2016-11-10,split,MNST,MONSTER BEVERAGE CORP,3,N/A,N/A,MNST
2012-02-16,split,MNST,MONSTER BEVERAGE CORP,2,N/A,N/A,MNST
2006-07-10,split,MNST,MONSTER BEVERAGE CORP,4,N/A,N/A,MNST
2005-08-09,split,MNST,MONSTER BEVERAGE CORP,2,N/A,N/A,MNST
2005-04-04,split,MOG.A,MOOG INC,1.5,N/A,N/A,MOG.A
2004-02-18,split,MOG.A,MOOG INC,1.5,N/A,N/A,MOG.A
2001-09-24,split,MOG.A,MOOG INC,1.5,N/A,N/A,MOG.A
2011-05-23,split,MOH,MOLINA HEALTHCARE INC,1.5,N/A,N/A,MOH
2015-06-11,split,MPC,MARATHON PETROLEUM CORP,2,N/A,N/A,MPC
1999-12-21,split,MRCY,MERCURY SYSTEMS INC,2,N/A,N/A,MRCY
1999-02-17,split,MRK,MERCK & CO INC,2,N/A,N/A,MRK
2006-07-25,split,MRVL,MARVELL TECHNOLOGY INC,2,N/A,N/A,MRVL
2004-06-29,split,MRVL,MARVELL TECHNOLOGY INC,2,N/A,N/A,MRVL
2000-01-27,split,MS,MORGAN STANLEY,2,N/A,N/A,MS
2004-01-29,split,MSA,MSA SAFETY INC,3,N/A,N/A,MSA
2000-05-25,split,MSA,MSA SAFETY INC,3,N/A,N/A,MSA
2003-02-18,split,MSFT,MICROSOFT CORP,2,N/A,N/A,MSFT
1999-03-29,split,MSFT,MICROSOFT CORP,2,N/A,N/A,MSFT
1998-02-23,split,MSFT,MICROSOFT CORP,2,N/A,N/A,MSFT
2011-01-04,split,MSI,MOTOROLA SOLUTIONS INC,0.14286,N/A,N/A,MSI
2000-06-02,split,MSI,MOTOROLA SOLUTIONS INC,3,N/A,N/A,MSI
1998-05-26,split,MSM,MSC INDUSTRIAL DIRECT CO INC,2,N/A,N/A,MSM
2024-08-08,split,MSTR,STRATEGY INC,10,N/A,N/A,MSTR
2002-07-31,split,MSTR,STRATEGY INC,0.1,N/A,N/A,MSTR
2000-01-27,split,MSTR,STRATEGY INC,2,N/A,N/A,MSTR
2000-10-06,split,MTB,M&T BANK CORP,10,N/A,N/A,MTB
2008-08-21,split,MTCH,MATCH GROUP INC,0.5,N/A,N/A,MTCH
2005-08-09,split,MTCH,MATCH GROUP INC,0.5,N/A,N/A,MTCH
2000-02-25,split,MTCH,MATCH GROUP INC,2,N/A,N/A,MTCH
1998-03-27,split,MTCH,MATCH GROUP INC,2,N/A,N/A,MTCH
2025-01-03,split,MTH,MERITAGE HOMES CORP,2,N/A,N/A,MTH
2005-01-10,split,MTH,MERITAGE HOMES CORP,2,N/A,N/A,MTH
2002-04-29,split,MTH,MERITAGE HOMES CORP,2,N/A,N/A,MTH
2012-12-12,split,MTX,MINERALS TECHNOLOGIES INC,2,N/A,N/A,MTX
2000-06-20,split,MTZ,MASTEC INC,1.5,N/A,N/A,MTZ
2000-05-02,split,MU,MICRON TECHNOLOGY INC,2,N/A,N/A,MU
2005-06-06,split,MUR,MURPHY OIL CORP,2,N/A,N/A,MUR
2002-12-31,split,MUR,MURPHY OIL CORP,2,N/A,N/A,MUR
1998-01-28,split,MZTI,MARZETTI CO,1.5,N/A,N/A,MZTI
2022-08-29,split,NDAQ,NASDAQ INC,3,N/A,N/A,NDAQ
2011-04-13,split,NDSN,NORDSON CORP,2,N/A,N/A,NDSN
2000-09-13,split,NDSN,NORDSON CORP,2,N/A,N/A,NDSN
2020-10-27,split,NEE,NEXTERA ENERGY INC,4,N/A,N/A,NEE
2005-03-16,split,NEE,NEXTERA ENERGY INC,2,N/A,N/A,NEE
2003-04-16,split,NEO,NEOGENOMICS INC,0.01,N/A,N/A,NEO
2021-06-07,split,NEOG,NEOGEN CORP,2,N/A,N/A,NEOG
2018-01-02,split,NEOG,NEOGEN CORP,1.33333,N/A,N/A,NEOG
2013-10-31,split,NEOG,NEOGEN CORP,1.5,N/A,N/A,NEOG
2009-12-16,split,NEOG,NEOGEN CORP,1.5,N/A,N/A,NEOG
2007-09-05,split,NEOG,NEOGEN CORP,1.5,N/A,N/A,NEOG
2004-01-02,split,NEOG,NEOGEN CORP,1.25,N/A,N/A,NEOG
2002-07-01,split,NEU,NEWMARKET CORP,0.2,N/A,N/A,NEU
2001-09-10,split,NFG,NATIONAL FUEL GAS CO,2,N/A,N/A,NFG
2025-11-17,split,NFLX,NETFLIX INC,10,N/A,N/A,NFLX
2015-07-15,split,NFLX,NETFLIX INC,7,N/A,N/A,NFLX
2004-02-12,split,NFLX,NETFLIX INC,2,N/A,N/A,NFLX
1998-02-23,split,NI,NISOURCE INC,2,N/A,N/A,NI
2015-03-04,split,NJR,NEW JERSEY RESOURCES CORP,2,N/A,N/A,NJR
2008-03-04,split,NJR,NEW JERSEY RESOURCES CORP,1.5,N/A,N/A,NJR
2002-03-04,split,NJR,NEW JERSEY RESOURCES CORP,1.5,N/A,N/A,NJR
2015-12-24,split,NKE,NIKE INC,2,N/A,N/A,NKE
2012-12-26,split,NKE,NIKE INC,2,N/A,N/A,NKE
2007-04-03,split,NKE,NIKE INC,2,N/A,N/A,NKE
2022-09-26,split,NLY,ANNALY CAPITAL MANAGEMENT INC,0.25,N/A,N/A,NLY
2004-06-22,split,NOC,NORTHROP GRUMMAN CORP,2,N/A,N/A,NOC
2020-09-21,split,NOG,NORTHERN OIL & GAS INC,0.1,N/A,N/A,NOG
2007-10-01,split,NOV,NOV INC,2,N/A,N/A,NOV
2010-12-29,split,NOVT,NOVANTA INC,0.33333,N/A,N/A,NOVT
2025-12-18,split,NOW,SERVICENOW INC,5,N/A,N/A,NOW
2007-06-01,split,NRG,NRG ENERGY INC,2,N/A,N/A,NRG
2000-09-19,split,NSIT,INSIGHT ENTERPRISES INC,1.5,N/A,N/A,NSIT
1999-02-19,split,NSIT,INSIGHT ENTERPRISES INC,1.5,N/A,N/A,NSIT
1998-09-09,split,NSIT,INSIGHT ENTERPRISES INC,1.5,N/A,N/A,NSIT
2000-03-23,split,NTAP,NETAPP INC,2,N/A,N/A,NTAP
1999-12-21,split,NTAP,NETAPP INC,2,N/A,N/A,NTAP
1998-12-22,split,NTAP,NETAPP INC,2,N/A,N/A,NTAP
1999-12-10,split,NTRS,NORTHERN TRUST CORP,2,N/A,N/A,NTRS
2006-06-01,split,NUE,NUCOR CORP,2,N/A,N/A,NUE
2004-10-18,split,NUE,NUCOR CORP,2,N/A,N/A,NUE
2024-06-10,split,NVDA,NVIDIA CORP,10,N/A,N/A,NVDA
2021-07-20,split,NVDA,NVIDIA CORP,4,N/A,N/A,NVDA
2007-09-11,split,NVDA,NVIDIA CORP,1.5,N/A,N/A,NVDA
2006-04-07,split,NVDA,NVIDIA CORP,2,N/A,N/A,NVDA
2001-09-17,split,NVDA,NVIDIA CORP,2,N/A,N/A,NVDA
2000-06-27,split,NVDA,NVIDIA CORP,2,N/A,N/A,NVDA
2009-12-18,split,NWBI,NORTHWEST BANCSHARES INC,2.25,N/A,N/A,NWBI
1998-07-02,split,NYT,NEW YORK TIMES CO,2,N/A,N/A,NYT
2005-01-03,split,O,REALTY INCOME CORP,2,N/A,N/A,O
2024-03-28,split,ODFL,OLD DOMINION FREIGHT LINE INC,2,N/A,N/A,ODFL
2020-03-25,split,ODFL,OLD DOMINION FREIGHT LINE INC,1.5,N/A,N/A,ODFL
2012-09-10,split,ODFL,OLD DOMINION FREIGHT LINE INC,1.5,N/A,N/A,ODFL
2010-08-24,split,ODFL,OLD DOMINION FREIGHT LINE INC,1.5,N/A,N/A,ODFL
2005-12-01,split,ODFL,OLD DOMINION FREIGHT LINE INC,1.5,N/A,N/A,ODFL
2004-05-21,split,ODFL,OLD DOMINION FREIGHT LINE INC,1.5,N/A,N/A,ODFL
2003-06-17,split,ODFL,OLD DOMINION FREIGHT LINE INC,1.5,N/A,N/A,ODFL
2003-01-16,split,OFG,OFG BANCORP,1.25,N/A,N/A,OFG
1998-10-16,split,OFG,OFG BANCORP,1.33333,N/A,N/A,OFG
2013-07-02,split,OGE,OGE ENERGY CORP,2,N/A,N/A,OGE
1998-06-16,split,OGE,OGE ENERGY CORP,2,N/A,N/A,OGE
2011-06-13,split,OII,OCEANEERING INTERNATIONAL INC,2,N/A,N/A,OII
2006-06-19,split,OII,OCEANEERING INTERNATIONAL INC,2,N/A,N/A,OII
2012-06-04,split,OKE,ONEOK INC,2,N/A,N/A,OKE
2001-06-12,split,OKE,ONEOK INC,2,N/A,N/A,OKE
2007-06-26,split,OMC,OMNICOM GROUP INC,2,N/A,N/A,OMC
2005-01-03,split,ONB,OLD NATIONAL BANCORP,1.05,N/A,N/A,ONB
2004-01-02,split,ONB,OLD NATIONAL BANCORP,1.05,N/A,N/A,ONB
2003-01-02,split,ONB,OLD NATIONAL BANCORP,1.05,N/A,N/A,ONB
1999-05-25,split,ONB,OLD NATIONAL BANCORP,1.5,N/A,N/A,ONB
2020-02-03,split,OPCH,OPTION CARE HEALTH INC,0.25,N/A,N/A,OPCH
2009-12-09,split,OPLN,OPENLANE INC,10,N/A,N/A,OPLN
2000-10-13,split,ORCL,ORACLE CORP,2,N/A,N/A,ORCL
2000-01-19,split,ORCL,ORACLE CORP,2,N/A,N/A,ORCL
1999-03-01,split,ORCL,ORACLE CORP,1.5,N/A,N/A,ORCL
2006-01-03,split,ORI,OLD REPUBLIC INTERNATIONAL CORP,1.25,N/A,N/A,ORI
2003-12-31,split,ORI,OLD REPUBLIC INTERNATIONAL CORP,1.5,N/A,N/A,ORI
1998-05-05,split,ORI,OLD REPUBLIC INTERNATIONAL CORP,1.5,N/A,N/A,ORI
2025-06-10,split,ORLY,O REILLY AUTOMOTIVE INC,15,N/A,N/A,ORLY
2005-06-16,split,ORLY,O REILLY AUTOMOTIVE INC,2,N/A,N/A,ORLY
1999-12-01,split,ORLY,O REILLY AUTOMOTIVE INC,2,N/A,N/A,ORLY
2005-08-29,split,OSK,OSHKOSH CORP,2,N/A,N/A,OSK
2003-08-14,split,OSK,OSHKOSH CORP,2,N/A,N/A,OSK
1999-08-20,split,OSK,OSHKOSH CORP,1.5,N/A,N/A,OSK
2000-03-16,split,OTTR,OTTER TAIL CORP,2,N/A,N/A,OTTR
2025-01-17,split,OUT,OUTFRONT MEDIA INC,0.97604,N/A,N/A,OUT
2020-01-27,split,OVV,OVINTIV INC,0.2,N/A,N/A,OVV
2005-05-23,split,OVV,OVINTIV INC,2,N/A,N/A,OVV
2006-08-16,split,OXY,OCCIDENTAL PETROLEUM CORP,2,N/A,N/A,OXY
2014-06-24,split,OZK,BANK OF THE OZARKS INC,2,N/A,N/A,OZK
2011-08-17,split,OZK,BANK OF THE OZARKS INC,2,N/A,N/A,OZK
2003-12-11,split,OZK,BANK OF THE OZARKS INC,2,N/A,N/A,OZK
2002-06-18,split,OZK,BANK OF THE OZARKS INC,2,N/A,N/A,OZK
2006-06-02,split,PAG,PENSKE AUTOMOTIVE GROUP INC,2,N/A,N/A,PAG
2024-12-16,split,PANW,PALO ALTO NETWORKS INC,2,N/A,N/A,PANW
2022-09-14,split,PANW,PALO ALTO NETWORKS INC,3,N/A,N/A,PANW
2014-01-29,split,PARR,PAR PACIFIC HOLDINGS INC,0.1,N/A,N/A,PARR
2011-07-13,split,PARR,PAR PACIFIC HOLDINGS INC,0.1,N/A,N/A,PARR
2024-12-16,split,PATK,PATRICK INDUSTRIES INC,1.5,N/A,N/A,PATK
2017-12-11,split,PATK,PATRICK INDUSTRIES INC,1.5,N/A,N/A,PATK
2015-06-01,split,PATK,PATRICK INDUSTRIES INC,1.5,N/A,N/A,PATK
2014-03-02,split,PAYC,PAYCOM SOFTWARE INC,50,N/A,N/A,PAYC
2000-05-23,split,PAYX,PAYCHEX INC,1.5,N/A,N/A,PAYX
1999-05-24,split,PAYX,PAYCHEX INC,1.5,N/A,N/A,PAYX
1998-05-26,split,PAYX,PAYCHEX INC,1.5,N/A,N/A,PAYX
2002-06-03,split,PB,PROSPERITY BANCSHARES INC,2,N/A,N/A,PB
1998-01-20,split,PBI,PITNEY BOWES INC,2,N/A,N/A,PBI
2023-02-08,split,PCAR,PACCAR INC,1.5,N/A,N/A,PCAR
2007-10-10,split,PCAR,PACCAR INC,1.5,N/A,N/A,PCAR
2006-08-11,split,PCAR,PACCAR INC,1.5,N/A,N/A,PCAR
2004-02-06,split,PCAR,PACCAR INC,1.5,N/A,N/A,PCAR
2002-05-29,split,PCAR,PACCAR INC,1.5,N/A,N/A,PCAR
2008-02-05,split,PEG,PUBLIC SERVICE ENTERPRISE GROUP INC,2,N/A,N/A,PEG
2025-06-23,split,PEGA,PEGASYSTEMS INC,2,N/A,N/A,PEGA
2014-04-02,split,PEGA,PEGASYSTEMS INC,2,N/A,N/A,PEGA
2022-02-02,split,PENG,PENGUIN SOLUTIONS INC,2,N/A,N/A,PENG
2005-03-08,split,PENN,PENN ENTERTAINMENT INC,2,N/A,N/A,PENN
2002-06-26,split,PENN,PENN ENTERTAINMENT INC,2,N/A,N/A,PENN
1999-07-01,split,PFE,PFIZER INC,3,N/A,N/A,PFE
2015-08-28,split,PFGC,PERFORMANCE FOOD GROUP CO,0.485,N/A,N/A,PFGC
2004-06-21,split,PG,PROCTER & GAMBLE CO,2,N/A,N/A,PG
2006-05-19,split,PGR,PROGRESSIVE CORP,4,N/A,N/A,PGR
2002-04-23,split,PGR,PROGRESSIVE CORP,3,N/A,N/A,PGR
2007-10-02,split,PH,PARKER-HANNIFIN CORP,1.5,N/A,N/A,PH
2005-09-02,split,PHM,PULTEGROUP INC,2,N/A,N/A,PHM
2004-01-05,split,PHM,PULTEGROUP INC,2,N/A,N/A,PHM
1998-06-02,split,PHM,PULTEGROUP INC,2,N/A,N/A,PHM
2011-09-13,split,PII,POLARIS INC,2,N/A,N/A,PII
2004-03-09,split,PII,POLARIS INC,2,N/A,N/A,PII
2026-03-24,split,PIPR,PIPER SANDLER COMPANIES,4,N/A,N/A,PIPR
2021-12-14,split,PLUS,EPLUS INC,2,N/A,N/A,PLUS
2017-04-03,split,PLUS,EPLUS INC,2,N/A,N/A,PLUS
2000-09-01,split,PLXS,PLEXUS CORP,2,N/A,N/A,PLXS
2004-05-11,split,PNFP,PINNACLE FINANCIAL PARTNERS INC,2,N/A,N/A,PNFP
2004-06-09,split,PNR,PENTAIR PLC,2,N/A,N/A,PNR
2004-09-13,split,POOL,POOL CORP,1.5,N/A,N/A,POOL
2003-09-15,split,POOL,POOL CORP,1.5,N/A,N/A,POOL
2001-09-10,split,POOL,POOL CORP,1.5,N/A,N/A,POOL
2000-06-20,split,POOL,POOL CORP,1.5,N/A,N/A,POOL
1998-07-27,split,POOL,POOL CORP,1.5,N/A,N/A,POOL
2020-08-19,split,POWI,POWER INTEGRATIONS INC,2,N/A,N/A,POWI
1999-11-23,split,POWI,POWER INTEGRATIONS INC,2,N/A,N/A,POWI
2026-04-06,split,POWL,POWELL INDUSTRIES INC,3,N/A,N/A,POWL
1999-08-02,split,PPC,PILGRIMS PRIDE CORP,1.5,N/A,N/A,PPC
2015-06-15,split,PPG,PPG INDUSTRIES INC,2,N/A,N/A,PPG
2005-08-25,split,PPL,PPL CORP,2,N/A,N/A,PPL
2003-08-25,split,PRDO,PERDOCEO EDUCATION CORP,2,N/A,N/A,PRDO
2001-10-01,split,PRDO,PERDOCEO EDUCATION CORP,2,N/A,N/A,PRDO
2000-08-28,split,PRDO,PERDOCEO EDUCATION CORP,2,N/A,N/A,PRDO
1999-04-01,split,PSKY,PARAMOUNT SKYDANCE CORP,2,N/A,N/A,PSKY
2006-02-28,split,PTC,PTC INC,0.4,N/A,N/A,PTC
1998-03-09,split,PTC,PTC INC,2,N/A,N/A,PTC
2004-07-01,split,PTEN,PATTERSON UTI ENERGY INC,2,N/A,N/A,PTEN
1998-01-26,split,PTEN,PATTERSON UTI ENERGY INC,2,N/A,N/A,PTEN
2000-04-10,split,PWR,QUANTA SERVICES INC,1.5,N/A,N/A,PWR
2004-08-16,split,QCOM,QUALCOMM INC,2,N/A,N/A,QCOM
1999-12-31,split,QCOM,QUALCOMM INC,4,N/A,N/A,QCOM
1999-05-11,split,QCOM,QUALCOMM INC,2,N/A,N/A,QCOM
2014-11-06,split,QRVO,QORVO INC,500,N/A,N/A,QRVO
2008-04-28,split,RBA,RB GLOBAL INC,3,N/A,N/A,RBA
2004-05-07,split,RBA,RB GLOBAL INC,2,N/A,N/A,RBA
1998-08-03,split,RCL,ROYAL CARIBBEAN CRUISES LTD,2,N/A,N/A,RCL
2001-06-21,split,RDN,RADIAN GROUP INC,2,N/A,N/A,RDN
2006-11-28,split,RDNT,RADNET INC,0.5,N/A,N/A,RDNT
2004-07-01,split,RF,REGIONS FINANCIAL CORP,1.235,N/A,N/A,RF
2000-06-13,split,RHI,ROBERT HALF INC,2,N/A,N/A,RHI
2014-10-20,split,RITM,RITHM CAPITAL CORP,0.5,N/A,N/A,RITM
2021-09-22,split,RJF,RAYMOND JAMES FINANCIAL INC,1.5,N/A,N/A,RJF
2006-03-23,split,RJF,RAYMOND JAMES FINANCIAL INC,1.5,N/A,N/A,RJF
2004-03-25,split,RJF,RAYMOND JAMES FINANCIAL INC,1.5,N/A,N/A,RJF
1998-04-03,split,RJF,RAYMOND JAMES FINANCIAL INC,1.5,N/A,N/A,RJF
2025-01-16,split,RLI,RLI CORP,2,N/A,N/A,RLI
2014-01-16,split,RLI,RLI CORP,2,N/A,N/A,RLI
2002-10-16,split,RLI,RLI CORP,2,N/A,N/A,RLI
1998-06-22,split,RLI,RLI CORP,1.25,N/A,N/A,RLI
2000-06-15,split,RMBS,RAMBUS INC,4,N/A,N/A,RMBS
2010-08-31,split,RMD,RESMED INC,2,N/A,N/A,RMD
2005-10-03,split,RMD,RESMED INC,2,N/A,N/A,RMD
2000-04-03,split,RMD,RESMED INC,2,N/A,N/A,RMD
1998-11-17,split,RMD,RESMED INC,2,N/A,N/A,RMD
2006-08-29,split,RNST,RENASANT CORP,1.5,N/A,N/A,RNST
2003-12-02,split,RNST,RENASANT CORP,1.5,N/A,N/A,RNST
1998-01-21,split,RNST,RENASANT CORP,1.5,N/A,N/A,RNST
2000-05-30,split,ROG,ROGERS CORP,2,N/A,N/A,ROG
2020-12-11,split,ROL,ROLLINS INC,1.5,N/A,N/A,ROL
2018-12-11,split,ROL,ROLLINS INC,1.5,N/A,N/A,ROL
2015-03-11,split,ROL,ROLLINS INC,1.5,N/A,N/A,ROL
2010-12-13,split,ROL,ROLLINS INC,1.5,N/A,N/A,ROL
2007-12-11,split,ROL,ROLLINS INC,1.5,N/A,N/A,ROL
2005-03-11,split,ROL,ROLLINS INC,1.5,N/A,N/A,ROL
2003-03-11,split,ROL,ROLLINS INC,1.5,N/A,N/A,ROL
2005-08-29,split,ROP,ROPER TECHNOLOGIES INC,2,N/A,N/A,ROP
2015-06-12,split,ROST,ROSS STORES INC,2,N/A,N/A,ROST
2011-12-16,split,ROST,ROSS STORES INC,2,N/A,N/A,ROST
2003-12-19,split,ROST,ROSS STORES INC,2,N/A,N/A,ROST
1999-09-23,split,ROST,ROSS STORES INC,2,N/A,N/A,ROST
2005-12-05,split,RRC,RANGE RESOURCES CORP,1.5,N/A,N/A,RRC
2006-07-20,split,RS,RELIANCE INC,2,N/A,N/A,RS
1999-09-27,split,RS,RELIANCE INC,1.5,N/A,N/A,RS
2007-03-19,split,RSG,REPUBLIC SERVICES INC,1.5,N/A,N/A,RSG
2005-06-13,split,RTX,RTX CORP,2,N/A,N/A,RTX
1999-05-18,split,RTX,RTX CORP,2,N/A,N/A,RTX
2001-06-04,split,RVTY,REVVITY INC,2,N/A,N/A,RVTY
2011-08-25,split,RYN,RAYONIER INC,1.5,N/A,N/A,RYN
2005-10-18,split,RYN,RAYONIER INC,1.5,N/A,N/A,RYN
2003-06-13,split,RYN,RAYONIER INC,1.5,N/A,N/A,RYN
1999-01-26,split,SAH,SONIC AUTOMOTIVE INC,2,N/A,N/A,SAH
2013-06-14,split,SAIA,SAIA INC,1.5,N/A,N/A,SAIA
2009-08-17,split,SANM,SANMINA CORP,0.16667,N/A,N/A,SANM
2001-01-09,split,SANM,SANMINA CORP,2,N/A,N/A,SANM
2000-03-23,split,SANM,SANMINA CORP,2,N/A,N/A,SANM
1998-06-11,split,SANM,SANMINA CORP,2,N/A,N/A,SANM
2013-12-13,split,SBCF,SEACOAST BANKING CORP OF FLORIDA,0.2,N/A,N/A,SBCF
2002-07-16,split,SBCF,SEACOAST BANKING CORP OF FLORIDA,3,N/A,N/A,SBCF
2010-11-16,split,SBRA,SABRA HEALTH CARE REIT INC,0.33333,N/A,N/A,SBRA
2015-04-09,split,SBUX,STARBUCKS CORP,2,N/A,N/A,SBUX
2005-10-24,split,SBUX,STARBUCKS CORP,2,N/A,N/A,SBUX
2001-04-30,split,SBUX,STARBUCKS CORP,2,N/A,N/A,SBUX
1999-03-22,split,SBUX,STARBUCKS CORP,2,N/A,N/A,SBUX
2000-05-31,split,SCHW,SCHWAB CHARLES CORP,1.5,N/A,N/A,SCHW
1999-07-02,split,SCHW,SCHWAB CHARLES CORP,2,N/A,N/A,SCHW
1998-12-14,split,SCHW,SCHWAB CHARLES CORP,1.5,N/A,N/A,SCHW
2007-06-22,split,SEIC,SEI INVESTMENTS CO,2,N/A,N/A,SEIC
2001-03-01,split,SEIC,SEI INVESTMENTS CO,2,N/A,N/A,SEIC
2000-06-20,split,SEIC,SEI INVESTMENTS CO,3,N/A,N/A,SEIC
2025-03-31,split,SEZL,SEZZLE INC,6,N/A,N/A,SEZL
2023-05-11,split,SEZL,SEZZLE INC,0.02632,N/A,N/A,SEZL
2026-02-27,split,SF,STIFEL FINANCIAL CORP,1.5,N/A,N/A,SF
2020-12-17,split,SF,STIFEL FINANCIAL CORP,1.5,N/A,N/A,SF
2011-04-06,split,SF,STIFEL FINANCIAL CORP,1.5,N/A,N/A,SF
2008-06-13,split,SF,STIFEL FINANCIAL CORP,1.5,N/A,N/A,SF
2004-09-16,split,SF,STIFEL FINANCIAL CORP,1.33333,N/A,N/A,SF
2026-08-21,split,SFBS,SERVISFIRST BANCSHARES INC,2,N/A,N/A,SFBS
2016-12-21,split,SFBS,SERVISFIRST BANCSHARES INC,2,N/A,N/A,SFBS
2014-07-17,split,SFBS,SERVISFIRST BANCSHARES INC,3,N/A,N/A,SFBS
2018-02-09,split,SFNC,SIMMONS FIRST NATIONAL CORP,2,N/A,N/A,SFNC
2003-05-02,split,SFNC,SIMMONS FIRST NATIONAL CORP,2,N/A,N/A,SFNC
2020-11-24,split,SGI,SOMNIGROUP INTERNATIONAL INC,4,N/A,N/A,SGI
2018-10-12,split,SHOO,STEVEN MADDEN LTD,1.5,N/A,N/A,SHOO
2013-10-02,split,SHOO,STEVEN MADDEN LTD,1.5,N/A,N/A,SHOO
2011-06-01,split,SHOO,STEVEN MADDEN LTD,1.5,N/A,N/A,SHOO
2010-05-03,split,SHOO,STEVEN MADDEN LTD,1.5,N/A,N/A,SHOO
2006-05-26,split,SHOO,STEVEN MADDEN LTD,1.5,N/A,N/A,SHOO
2021-04-01,split,SHW,SHERWIN WILLIAMS CO,3,N/A,N/A,SHW
2007-02-21,split,SIGI,SELECTIVE INSURANCE GROUP INC,2,N/A,N/A,SIGI
2024-09-10,split,SIRI,SIRIUS XM HOLDINGS INC,0.1,N/A,N/A,SIRI
2002-05-30,split,SJM,J M SMUCKER CO,0.945,N/A,N/A,SJM
2011-01-25,split,SKT,TANGER INC,2,N/A,N/A,SKT
2004-12-29,split,SKT,TANGER INC,2,N/A,N/A,SKT
2000-12-18,split,SKYW,SKYWEST INC,2,N/A,N/A,SKYW
1998-06-09,split,SKYW,SKYWEST INC,2,N/A,N/A,SKYW
2006-04-10,split,SLB,SLB LIMITED,2,N/A,N/A,SLB
2022-01-24,split,SLG,SL GREEN REALTY CORP,0.97031,N/A,N/A,SLG
2021-01-21,split,SLG,SL GREEN REALTY CORP,0.97165,N/A,N/A,SLG
2017-05-30,split,SLGN,SILGAN HOLDINGS INC,2,N/A,N/A,SLGN
2010-05-04,split,SLGN,SILGAN HOLDINGS INC,2,N/A,N/A,SLGN
2005-09-16,split,SLGN,SILGAN HOLDINGS INC,2,N/A,N/A,SLGN
2003-06-23,split,SLM,SLM CORP,3,N/A,N/A,SLM
1998-01-05,split,SLM,SLM CORP,3.5,N/A,N/A,SLM
2005-04-01,split,SM,SM ENERGY CO,2,N/A,N/A,SM
2000-09-06,split,SM,SM ENERGY CO,2,N/A,N/A,SM
2024-10-01,split,SMCI,SUPER MICRO COMPUTER INC,10,N/A,N/A,SMCI
2005-11-10,split,SMG,SCOTTS MIRACLE-GRO CO,2,N/A,N/A,SMG
2000-09-26,split,SMTC,SEMTECH CORP,2,N/A,N/A,SMTC
1999-09-15,split,SMTC,SEMTECH CORP,2,N/A,N/A,SMTC
1998-01-13,split,SMTC,SEMTECH CORP,2,N/A,N/A,SMTC
2023-07-31,split,SN,SHARKNINJA INC,2779.65744,N/A,N/A,SN
2026-07-20,split,SNEX,STONEX GROUP INC,1.5,N/A,N/A,SNEX
2026-03-23,split,SNEX,STONEX GROUP INC,1.5,N/A,N/A,SNEX
2025-03-24,split,SNEX,STONEX GROUP INC,1.5,N/A,N/A,SNEX
2023-11-27,split,SNEX,STONEX GROUP INC,1.5,N/A,N/A,SNEX
2003-09-24,split,SNPS,SYNOPSYS INC,2,N/A,N/A,SNPS
2005-05-18,split,SPGI,S&P GLOBAL INC,2,N/A,N/A,SPGI
1999-03-09,split,SPGI,S&P GLOBAL INC,2,N/A,N/A,SPGI
2019-08-23,split,SPSC,SPS COMMERCE INC,2,N/A,N/A,SPSC
2002-10-25,split,SPXC,SPX TECHNOLOGIES INC,2,N/A,N/A,SPXC
2023-08-22,split,SRE,SEMPRA,2,N/A,N/A,SRE
2012-07-12,split,SRPT,SAREPTA THERAPEUTICS INC,0.16667,N/A,N/A,SRPT
2004-11-19,split,SSD,SIMPSON MANUFACTURING CO INC,2,N/A,N/A,SSD
2002-08-19,split,SSD,SIMPSON MANUFACTURING CO INC,2,N/A,N/A,SSD
1999-05-24,split,STC,STEWART INFORMATION SERVICES CORP,2,N/A,N/A,STC
1998-08-25,split,STE,STERIS PLC,2,N/A,N/A,STE
2008-03-31,split,STLD,STEEL DYNAMICS INC,2,N/A,N/A,STLD
2006-11-21,split,STLD,STEEL DYNAMICS INC,2,N/A,N/A,STLD
2001-05-31,split,STT,STATE STREET CORP,2,N/A,N/A,STT
2005-05-16,split,STZ,CONSTELLATION BRANDS INC,2,N/A,N/A,STZ
2002-05-14,split,STZ,CONSTELLATION BRANDS INC,2,N/A,N/A,STZ
2001-05-15,split,STZ,CONSTELLATION BRANDS INC,2,N/A,N/A,STZ
2000-04-20,split,SWKS,SKYWORKS SOLUTIONS INC,2,N/A,N/A,SWKS
1999-02-19,split,SWKS,SKYWORKS SOLUTIONS INC,1.5,N/A,N/A,SWKS
1998-05-26,split,SXT,SENSIENT TECHNOLOGIES CORP,2,N/A,N/A,SXT
2004-05-17,split,SYK,STRYKER CORP,2,N/A,N/A,SYK
2000-05-15,split,SYK,STRYKER CORP,2,N/A,N/A,SYK
2008-09-02,split,SYNA,SYNAPTICS INC,1.5,N/A,N/A,SYNA
2000-12-18,split,SYY,SYSCO CORP,2,N/A,N/A,SYY
1998-03-23,split,SYY,SYSCO CORP,2,N/A,N/A,SYY
1998-03-20,split,T,AT&T INC,2,N/A,N/A,T
2007-10-04,split,TAP,MOLSON COORS BEVERAGE CO,2,N/A,N/A,TAP
2012-01-26,split,TDS,TELEPHONE & DATA SYSTEMS INC,1.087,N/A,N/A,TDS
2005-05-16,split,TDS,TELEPHONE & DATA SYSTEMS INC,2,N/A,N/A,TDS
2017-08-01,split,TDW,TIDEWATER INC,0.031,N/A,N/A,TDW
2022-11-30,split,TECH,BIO-TECHNE CORP,4,N/A,N/A,TECH
2000-12-04,split,TECH,BIO-TECHNE CORP,2,N/A,N/A,TECH
1999-09-01,split,TER,TERADYNE INC,2,N/A,N/A,TER
2006-07-17,split,TEX,TEREX CORP,2,N/A,N/A,TEX
1998-08-04,split,TFC,TRUIST FINANCIAL CORP,2,N/A,N/A,TFC
2000-07-20,split,TGT,TARGET CORP,2,N/A,N/A,TGT
1998-05-01,split,TGT,TARGET CORP,2,N/A,N/A,TGT
2012-04-30,split,TGTX,TG THERAPEUTICS INC,0.01778,N/A,N/A,TGTX
2011-07-19,split,TGTX,TG THERAPEUTICS INC,0.02,N/A,N/A,TGTX
2012-10-11,split,THC,TENET HEALTHCARE CORP,0.25,N/A,N/A,THC
2002-07-01,split,THC,TENET HEALTHCARE CORP,1.5,N/A,N/A,THC
2004-01-27,split,THO,THOR INDUSTRIES INC,2,N/A,N/A,THO
2002-07-09,split,THO,THOR INDUSTRIES INC,2,N/A,N/A,THO
1998-04-07,split,THO,THOR INDUSTRIES INC,1.5,N/A,N/A,THO
1998-06-16,split,TILE,INTERFACE INC,2,N/A,N/A,TILE
2018-11-07,split,TJX,TJX COMPANIES INC,2,N/A,N/A,TJX
2012-02-03,split,TJX,TJX COMPANIES INC,2,N/A,N/A,TJX
2002-05-09,split,TJX,TJX COMPANIES INC,2,N/A,N/A,TJX
1998-06-26,split,TJX,TJX COMPANIES INC,2,N/A,N/A,TJX
2013-05-01,split,TMUS,T-MOBILE US INC,0.5,N/A,N/A,TMUS
2005-07-11,split,TOL,TOLL BROTHERS INC,2,N/A,N/A,TOL
2002-04-01,split,TOL,TOLL BROTHERS INC,2,N/A,N/A,TOL
2025-12-23,split,TPL,TEXAS PACIFIC LAND CORP,3,N/A,N/A,TPL
2024-03-27,split,TPL,TEXAS PACIFIC LAND CORP,3,N/A,N/A,TPL
2007-07-13,split,TPL,TEXAS PACIFIC LAND CORP,5,N/A,N/A,TPL
2005-04-05,split,TPR,TAPESTRY INC,2,N/A,N/A,TPR
2003-10-02,split,TPR,TAPESTRY INC,2,N/A,N/A,TPR
2002-07-05,split,TPR,TAPESTRY INC,2,N/A,N/A,TPR
2026-03-05,split,TR,TOOTSIE ROLL INDUSTRIES INC,1.03,N/A,N/A,TR
2025-03-05,split,TR,TOOTSIE ROLL INDUSTRIES INC,1.03,N/A,N/A,TR
2024-03-05,split,TR,TOOTSIE ROLL INDUSTRIES INC,1.03,N/A,N/A,TR
2023-03-03,split,TR,TOOTSIE ROLL INDUSTRIES INC,1.03,N/A,N/A,TR
2022-03-04,split,TR,TOOTSIE ROLL INDUSTRIES INC,1.03,N/A,N/A,TR
2021-03-04,split,TR,TOOTSIE ROLL INDUSTRIES INC,1.03,N/A,N/A,TR
2020-03-02,split,TR,TOOTSIE ROLL INDUSTRIES INC,1.03,N/A,N/A,TR
2019-03-04,split,TR,TOOTSIE ROLL INDUSTRIES INC,1.03,N/A,N/A,TR
2018-03-05,split,TR,TOOTSIE ROLL INDUSTRIES INC,1.03,N/A,N/A,TR
2017-03-03,split,TR,TOOTSIE ROLL INDUSTRIES INC,1.03,N/A,N/A,TR
2016-03-04,split,TR,TOOTSIE ROLL INDUSTRIES INC,1.03,N/A,N/A,TR
2015-03-06,split,TR,TOOTSIE ROLL INDUSTRIES INC,1.03,N/A,N/A,TR
2014-02-28,split,TR,TOOTSIE ROLL INDUSTRIES INC,1.03,N/A,N/A,TR
2013-03-01,split,TR,TOOTSIE ROLL INDUSTRIES INC,1.03,N/A,N/A,TR
2012-03-02,split,TR,TOOTSIE ROLL INDUSTRIES INC,1.03,N/A,N/A,TR
2010-03-05,split,TR,TOOTSIE ROLL INDUSTRIES INC,1.03,N/A,N/A,TR
2009-03-06,split,TR,TOOTSIE ROLL INDUSTRIES INC,1.03,N/A,N/A,TR
2008-03-06,split,TR,TOOTSIE ROLL INDUSTRIES INC,1.03,N/A,N/A,TR
2007-03-07,split,TR,TOOTSIE ROLL INDUSTRIES INC,1.03,N/A,N/A,TR
2006-03-08,split,TR,TOOTSIE ROLL INDUSTRIES INC,1.03,N/A,N/A,TR
2005-03-09,split,TR,TOOTSIE ROLL INDUSTRIES INC,1.03,N/A,N/A,TR
2004-02-27,split,TR,TOOTSIE ROLL INDUSTRIES INC,1.03,N/A,N/A,TR
2003-02-28,split,TR,TOOTSIE ROLL INDUSTRIES INC,1.03,N/A,N/A,TR
2002-03-01,split,TR,TOOTSIE ROLL INDUSTRIES INC,1.03,N/A,N/A,TR
2001-03-02,split,TR,TOOTSIE ROLL INDUSTRIES INC,1.03,N/A,N/A,TR
2000-03-03,split,TR,TOOTSIE ROLL INDUSTRIES INC,1.03,N/A,N/A,TR
1999-03-05,split,TR,TOOTSIE ROLL INDUSTRIES INC,1.03,N/A,N/A,TR
1998-07-14,split,TR,TOOTSIE ROLL INDUSTRIES INC,2,N/A,N/A,TR
1998-03-06,split,TR,TOOTSIE ROLL INDUSTRIES INC,1.03,N/A,N/A,TR
2020-09-15,split,TREX,TREX CO INC,2,N/A,N/A,TREX
2018-06-19,split,TREX,TREX CO INC,2,N/A,N/A,TREX
2014-05-08,split,TREX,TREX CO INC,2,N/A,N/A,TREX
2013-03-21,split,TRMB,TRIMBLE INC,2,N/A,N/A,TRMB
2007-02-23,split,TRMB,TRIMBLE INC,2,N/A,N/A,TRMB
2004-03-05,split,TRMB,TRIMBLE INC,1.5,N/A,N/A,TRMB
1998-03-31,split,TRMK,TRUSTMARK CORP,2,N/A,N/A,TRMK
2014-06-20,split,TRN,TRINITY INDUSTRIES INC,2,N/A,N/A,TRN
2006-06-12,split,TRN,TRINITY INDUSTRIES INC,1.5,N/A,N/A,TRN
2006-06-26,split,TROW,PRICE T ROWE GROUP INC,2,N/A,N/A,TROW
1998-05-01,split,TROW,PRICE T ROWE GROUP INC,2,N/A,N/A,TROW
2015-06-04,split,TRU,TRANSUNION,1.333,N/A,N/A,TRU
1998-05-12,split,TRV,TRAVELERS COMPANIES INC,2,N/A,N/A,TRV
2024-12-20,split,TSCO,TRACTOR SUPPLY CO,5,N/A,N/A,TSCO
2013-09-27,split,TSCO,TRACTOR SUPPLY CO,2,N/A,N/A,TSCO
2010-09-03,split,TSCO,TRACTOR SUPPLY CO,2,N/A,N/A,TSCO
2003-08-22,split,TSCO,TRACTOR SUPPLY CO,2,N/A,N/A,TSCO
2002-08-20,split,TSCO,TRACTOR SUPPLY CO,2,N/A,N/A,TSCO
2022-08-25,split,TSLA,TESLA INC,3,N/A,N/A,TSLA
2020-08-31,split,TSLA,TESLA INC,5,N/A,N/A,TSLA
2005-09-02,split,TT,TRANE TECHNOLOGIES PLC,2,N/A,N/A,TT
2016-09-19,split,TTC,TORO CO,2,N/A,N/A,TTC
2012-07-02,split,TTC,TORO CO,2,N/A,N/A,TTC
2005-04-13,split,TTC,TORO CO,2,N/A,N/A,TTC
2003-04-15,split,TTC,TORO CO,2,N/A,N/A,TTC
2021-06-17,split,TTD,TRADE DESK INC,10,N/A,N/A,TTD
2024-09-09,split,TTEK,TETRA TECH INC,5,N/A,N/A,TTEK
2001-12-18,split,TTEK,TETRA TECH INC,1.25,N/A,N/A,TTEK
1999-06-16,split,TTEK,TETRA TECH INC,1.25,N/A,N/A,TTEK
1998-09-16,split,TTEK,TETRA TECH INC,1.25,N/A,N/A,TTEK
2005-04-12,split,TTWO,TAKE TWO INTERACTIVE SOFTWARE INC,1.5,N/A,N/A,TTWO
2000-05-23,split,TXN,TEXAS INSTRUMENTS INC,2,N/A,N/A,TXN
1999-08-17,split,TXN,TEXAS INSTRUMENTS INC,2,N/A,N/A,TXN
2004-06-14,split,TXNM,TXNM ENERGY INC,1.5,N/A,N/A,TXNM
2005-09-26,split,TXRH,TEXAS ROADHOUSE INC,2,N/A,N/A,TXRH
2007-08-27,split,TXT,TEXTRON INC,2,N/A,N/A,TXT
1998-03-30,split,UBSI,UNITED BANKSHARES INC,2,N/A,N/A,UBSI
2011-06-20,split,UCB,UNITED COMMUNITY BANKS INC,0.2,N/A,N/A,UCB
2004-04-29,split,UCB,UNITED COMMUNITY BANKS INC,1.5,N/A,N/A,UCB
2002-05-30,split,UCB,UNITED COMMUNITY BANKS INC,2,N/A,N/A,UCB
2017-11-15,split,UFPI,UFP INDUSTRIES INC,3,N/A,N/A,UFPI
2014-09-08,split,UGI,UGI CORP,1.5,N/A,N/A,UGI
2005-05-25,split,UGI,UGI CORP,2,N/A,N/A,UGI
2003-04-02,split,UGI,UGI CORP,1.5,N/A,N/A,UGI
2009-12-16,split,UHS,UNIVERSAL HEALTH SERVICES INC,2,N/A,N/A,UHS
2001-06-04,split,UHS,UNIVERSAL HEALTH SERVICES INC,2,N/A,N/A,UHS
2006-05-31,split,UMBF,UMB FINANCIAL CORP,2,N/A,N/A,UMBF
2004-04-20,split,UNFI,UNITED NATURAL FOODS INC,2,N/A,N/A,UNFI
2005-05-31,split,UNH,UNITEDHEALTH GROUP INC,2,N/A,N/A,UNH
2003-06-19,split,UNH,UNITEDHEALTH GROUP INC,2,N/A,N/A,UNH
2000-12-26,split,UNH,UNITEDHEALTH GROUP INC,2,N/A,N/A,UNH
2014-06-09,split,UNP,UNION PACIFIC CORP,2,N/A,N/A,UNP
2008-05-29,split,UNP,UNION PACIFIC CORP,2,N/A,N/A,UNP
2005-09-26,split,URBN,URBAN OUTFITTERS INC,2,N/A,N/A,URBN
2004-07-12,split,URBN,URBAN OUTFITTERS INC,2,N/A,N/A,URBN
2003-09-22,split,URBN,URBAN OUTFITTERS INC,2,N/A,N/A,URBN
1999-04-16,split,USB,US BANCORP,3,N/A,N/A,USB
2024-07-15,split,USLM,UNITED STATES LIME & MINERALS INC,5,N/A,N/A,USLM
2009-09-23,split,UTHR,UNITED THERAPEUTICS CORP,2,N/A,N/A,UTHR
2015-03-19,split,V,VISA INC,4,N/A,N/A,V
2013-10-16,split,VCEL,VERICEL CORP,0.05,N/A,N/A,VCEL
2010-02-18,split,VCEL,VERICEL CORP,0.125,N/A,N/A,VCEL
2013-12-23,split,VFC,V F CORP,4,N/A,N/A,VFC
2006-10-17,split,VIAV,VIAVI SOLUTIONS INC,0.125,N/A,N/A,VIAV
2000-03-13,split,VIAV,VIAVI SOLUTIONS INC,2,N/A,N/A,VIAV
1999-12-30,split,VIAV,VIAVI SOLUTIONS INC,2,N/A,N/A,VIAV
1999-07-27,split,VIAV,VIAVI SOLUTIONS INC,2,N/A,N/A,VIAV
2005-12-16,split,VLO,VALERO ENERGY CORP,2,N/A,N/A,VLO
2004-10-08,split,VLO,VALERO ENERGY CORP,2,N/A,N/A,VLO
2012-05-09,split,VLY,VALLEY NATIONAL BANCORP,1.05,N/A,N/A,VLY
2011-05-04,split,VLY,VALLEY NATIONAL BANCORP,1.05,N/A,N/A,VLY
2010-05-05,split,VLY,VALLEY NATIONAL BANCORP,1.05,N/A,N/A,VLY
2009-05-06,split,VLY,VALLEY NATIONAL BANCORP,1.05,N/A,N/A,VLY
2008-05-07,split,VLY,VALLEY NATIONAL BANCORP,1.05,N/A,N/A,VLY
2007-05-09,split,VLY,VALLEY NATIONAL BANCORP,1.05,N/A,N/A,VLY
2006-05-04,split,VLY,VALLEY NATIONAL BANCORP,1.05,N/A,N/A,VLY
2005-05-04,split,VLY,VALLEY NATIONAL BANCORP,1.05,N/A,N/A,VLY
2003-04-30,split,VLY,VALLEY NATIONAL BANCORP,1.05,N/A,N/A,VLY
2002-05-20,split,VLY,VALLEY NATIONAL BANCORP,1.25,N/A,N/A,VLY
2001-05-02,split,VLY,VALLEY NATIONAL BANCORP,1.05,N/A,N/A,VLY
2000-05-03,split,VLY,VALLEY NATIONAL BANCORP,1.05,N/A,N/A,VLY
1999-05-05,split,VLY,VALLEY NATIONAL BANCORP,1.05,N/A,N/A,VLY
1998-05-19,split,VLY,VALLEY NATIONAL BANCORP,1.25,N/A,N/A,VLY
1999-03-11,split,VMC,VULCAN MATERIALS CO,3,N/A,N/A,VMC
2009-09-10,split,VRSK,VERISK ANALYTICS INC,50,N/A,N/A,VRSK
1999-12-07,split,VRSN,VERISIGN INC,2,N/A,N/A,VRSN
1999-06-01,split,VRSN,VERISIGN INC,2,N/A,N/A,VRSN
2000-08-24,split,VRTX,VERTEX PHARMACEUTICALS INC,2,N/A,N/A,VRTX
2000-09-01,split,VSAT,VIASAT INC,2,N/A,N/A,VSAT
2016-08-04,split,VSEC,VSE CORP,2,N/A,N/A,VSEC
2007-06-29,split,VSEC,VSE CORP,2,N/A,N/A,VSEC
1998-01-08,split,VSEC,VSE CORP,1.25,N/A,N/A,VSEC
2000-06-12,split,VSH,VISHAY INTERTECHNOLOGY INC,1.5,N/A,N/A,VSH
1999-06-23,split,VSH,VISHAY INTERTECHNOLOGY INC,1.25,N/A,N/A,VSH
2003-10-09,split,VTRS,VIATRIS INC,1.5,N/A,N/A,VTRS
2003-01-28,split,VTRS,VIATRIS INC,1.5,N/A,N/A,VTRS
1998-06-30,split,VZ,VERIZON COMMUNICATIONS INC,2,N/A,N/A,VZ
2013-06-12,split,WAB,WESTINGHOUSE AIR BRAKE TECHNOLOGIES CORP,2,N/A,N/A,WAB
2005-02-02,split,WAFD,WAFD INC,1.1,N/A,N/A,WAFD
2004-02-04,split,WAFD,WAFD INC,1.1,N/A,N/A,WAFD
2003-02-05,split,WAFD,WAFD INC,1.1,N/A,N/A,WAFD
2002-02-06,split,WAFD,WAFD INC,1.1,N/A,N/A,WAFD
2001-02-07,split,WAFD,WAFD INC,1.1,N/A,N/A,WAFD
1999-02-10,split,WAFD,WAFD INC,1.1,N/A,N/A,WAFD
1998-02-10,split,WAFD,WAFD INC,1.1,N/A,N/A,WAFD
2000-08-28,split,WAT,WATERS CORP,2,N/A,N/A,WAT
1999-06-11,split,WAT,WATERS CORP,2,N/A,N/A,WAT
2024-05-15,split,WAY,WAYSTAR HOLDING CORP,0.605,N/A,N/A,WAY
2014-08-07,split,WBD,WARNER BROS DISCOVERY INC,2,N/A,N/A,WBD
1999-05-11,split,WCC,WESCO INTERNATIONAL INC,57.8,N/A,N/A,WCC
2011-03-02,split,WEC,WEC ENERGY GROUP INC,2,N/A,N/A,WEC
2003-10-01,split,WERN,WERNER ENTERPRISES INC,1.25,N/A,N/A,WERN
2002-03-15,split,WERN,WERNER ENTERPRISES INC,1.33333,N/A,N/A,WERN
1998-05-14,split,WERN,WERNER ENTERPRISES INC,1.25,N/A,N/A,WERN
2006-08-14,split,WFC,WELLS FARGO & COMPANY,2,N/A,N/A,WFC
2014-03-19,split,WLK,WESTLAKE CORP,2,N/A,N/A,WLK
1999-06-01,split,WLY,JOHN WILEY & SONS INC,2,N/A,N/A,WLY
1998-10-19,split,WLY,JOHN WILEY & SONS INC,2,N/A,N/A,WLY
2020-02-28,split,WMG,WARNER MUSIC GROUP CORP,477242.61467,N/A,N/A,WMG
2024-02-26,split,WMT,WALMART INC,3,N/A,N/A,WMT
1999-04-20,split,WMT,WALMART INC,2,N/A,N/A,WMT
2024-07-11,split,WRB,BERKLEY W R CORP,1.5,N/A,N/A,WRB
2022-03-24,split,WRB,BERKLEY W R CORP,1.5,N/A,N/A,WRB
2019-04-03,split,WRB,BERKLEY W R CORP,1.5,N/A,N/A,WRB
2006-04-05,split,WRB,BERKLEY W R CORP,1.5,N/A,N/A,WRB
2005-04-11,split,WRB,BERKLEY W R CORP,1.5,N/A,N/A,WRB
2003-08-28,split,WRB,BERKLEY W R CORP,1.5,N/A,N/A,WRB
2002-07-03,split,WRB,BERKLEY W R CORP,1.5,N/A,N/A,WRB
2015-05-19,split,WSFS,WSFS FINANCIAL CORP,3,N/A,N/A,WSFS
2024-07-09,split,WSM,WILLIAMS SONOMA INC,2,N/A,N/A,WSM
2002-05-10,split,WSM,WILLIAMS SONOMA INC,2,N/A,N/A,WSM
1998-05-18,split,WSM,WILLIAMS SONOMA INC,2,N/A,N/A,WSM
1998-08-17,split,WSO,WATSCO INC,1.5,N/A,N/A,WSO
2013-09-27,split,WST,WEST PHARMACEUTICAL SERVICES INC,2,N/A,N/A,WST
2004-09-29,split,WST,WEST PHARMACEUTICAL SERVICES INC,2,N/A,N/A,WST
2002-03-15,split,WTFC,WINTRUST FINANCIAL CORP,1.5,N/A,N/A,WTFC
2013-09-03,split,WTRG,ESSENTIAL UTILITIES INC,1.25,N/A,N/A,WTRG
2005-12-02,split,WTRG,ESSENTIAL UTILITIES INC,1.33333,N/A,N/A,WTRG
2003-12-02,split,WTRG,ESSENTIAL UTILITIES INC,1.25,N/A,N/A,WTRG
2001-12-03,split,WTRG,ESSENTIAL UTILITIES INC,1.25,N/A,N/A,WTRG
2000-12-04,split,WTRG,ESSENTIAL UTILITIES INC,1.25,N/A,N/A,WTRG
1998-01-13,split,WTRG,ESSENTIAL UTILITIES INC,1.33333,N/A,N/A,WTRG
2016-01-05,split,WTW,WILLIS TOWERS WATSON PLC,0.3775,N/A,N/A,WTW
2008-02-15,split,WWD,WOODWARD INC,2,N/A,N/A,WWD
2006-02-15,split,WWD,WOODWARD INC,3,N/A,N/A,WWD
1998-06-02,split,XEL,XCEL ENERGY INC,2,N/A,N/A,XEL
2001-07-19,split,XOM,EXXON MOBIL CORP,2,N/A,N/A,XOM
2011-09-02,split,XPO,XPO INC,0.25,N/A,N/A,XPO
2006-07-18,split,XRAY,DENTSPLY SIRONA INC,2,N/A,N/A,XRAY
2002-02-01,split,XRAY,DENTSPLY SIRONA INC,1.5,N/A,N/A,XRAY
2007-06-27,split,YUM,YUM BRANDS INC,2,N/A,N/A,YUM
2002-06-18,split,YUM,YUM BRANDS INC,2,N/A,N/A,YUM
2004-08-26,split,ZBRA,ZEBRA TECHNOLOGIES CORP,1.5,N/A,N/A,ZBRA
2003-08-22,split,ZBRA,ZEBRA TECHNOLOGIES CORP,1.5,N/A,N/A,ZBRA
