date,era,composite_gross,composite_net,spy,f_new,composite_cum,composite_net_cum,spy_cum
2007-01-03,nominate,0.00571860057181639,0.004211153256445277,-0.018126443,1.0,1.0057186005718164,1.0042111532564453,0.9818736
2007-03-02,nominate,0.06682244324939557,0.06638759658742899,0.07511057,0.2717948717948718,1.072923174683388,1.070878318187431,1.0556227
2007-04-30,nominate,0.013321195167033117,0.012978282947659903,-0.00087592565,0.22564102564102564,1.0872157936925781,1.0847764800033817,1.054698
2007-06-26,nominate,-0.0437532734207583,-0.04404745792362841,-0.0099912975,0.20512820512820512,1.03964654380378,1.036994833643891,1.0441602
2007-08-22,nominate,0.005608543604997962,0.005415175939657013,0.04309764,0.1282051282051282,1.045477446778489,1.042610343116588,1.089161
2007-10-18,nominate,-0.047766247747944246,-0.04794202852244234,-0.03867005,0.12307692307692308,0.9955389120407796,0.9926254883090992,1.0470431
2007-12-14,nominate,-0.040364276138784905,-0.04060046509371007,-0.06984521,0.1641025641025641,0.9553547044882601,0.9523244318198788,0.9739122
2008-02-13,nominate,-0.031373181421919805,-0.03158923561386584,-0.026067851,0.14871794871794872,0.9253821880220653,0.9222412309622797,0.94852436
2008-04-11,nominate,0.052607111747488666,0.052210434594524235,0.025752628,0.2512820512820513,0.9740638721964776,0.9703918464318093,0.9729514
2008-06-09,nominate,0.001153175485600899,0.000968364266547006,-0.05388072,0.12307692307692308,0.975187138775304,0.9713315392204425,0.9205281
2008-08-05,nominate,-0.05403219506804269,-0.05419476931329115,-0.09342295,0.11458333333333333,0.9224956370651504,0.9186904505256666,0.83452964
2008-10-01,nominate,-0.24502097986127191,-0.24527723187533246,-0.22601128,0.22631578947368422,0.6964648521536989,0.693356599870429,0.6459165
2008-11-26,nominate,0.014862807816549584,0.014473851623490352,-0.046259716,0.25555555555555554,0.7068162754022409,0.7033921404191213,0.6160366
2009-01-27,nominate,-0.01341605447603711,-0.013695546999161534,-0.05729172,0.18888888888888888,0.6973335897468947,0.6937588003011704,0.5807428
2009-03-25,nominate,0.16120185441653567,0.1605650269290808,0.08462005,0.3657142857142857,0.8097450575610339,0.8051522007538147,0.62988526
2009-05-21,nominate,0.0980823035491909,0.09767059987979798,0.063380264,0.25,0.8891667180941922,0.8837918991959792,0.66980755
2009-07-20,nominate,0.10750840526232919,0.1072210890036136,0.10274328,0.17297297297297298,0.9847596139688378,0.978553029080344,0.73862576
2009-09-15,nominate,0.03498241495862975,0.03468013529668457,0.03289348,0.19473684210526315,1.0192088834191957,1.0124893805238309,0.7629217
2009-11-10,nominate,0.054220020642009814,0.0539355869489222,0.03861846,0.17989417989417988,1.0744704101167042,1.0670985895419343,0.79238456
2010-01-08,nominate,0.047357114977424564,0.04716695423956141,-0.0053875805,0.12105263157894737,1.1253542288684415,1.117430379883959,0.7881155
2010-03-09,nominate,0.041891647197634496,0.04146401103620745,0.020172888,0.2736842105263158,1.1724971711965644,1.163763525487661,0.804014
2010-05-05,nominate,-0.08916902804008442,-0.08942067025282019,-0.11611904,0.18421052631578946,1.0679467380612182,1.0596990110227693,0.7106527
2010-07-01,nominate,0.01386689121137441,0.013642798035194525,0.036368925,0.14736842105263157,1.0827558392974552,1.0741562706082484,0.7364984
2010-08-27,nominate,0.14207211706167966,0.14183771578936066,0.11371735,0.1368421052631579,1.2365852536473405,1.2265121424321406,0.82025105
2010-10-25,nominate,0.10754351415545393,0.10735415761874756,0.06172736,0.11398963730569948,1.369571977377389,1.3581833202921083,0.870883
2010-12-21,nominate,0.05069647599738003,0.05047019650957152,0.06989159,0.14358974358974358,1.439004450255186,1.4267310993632734,0.93175036
2011-02-17,nominate,0.022827865518816548,0.022623320400224856,-0.017340194,0.13333333333333333,1.4718538503265899,1.4590084941491337,0.9155936
2011-04-15,nominate,-0.0005389436081136845,-0.0009770727891342812,-0.00972501,0.2923076923076923,1.4710606041018788,1.4575829366503847,0.90668947
2011-06-14,nominate,-0.11432474173492102,-0.11452229341177,-0.1243762,0.14871794871794872,1.3028819804615146,1.29065719590732,0.7939189
2011-08-10,nominate,0.05621099502952065,0.05596086941399436,0.028518414,0.15789473684210525,1.376118272989289,1.3628834947057218,0.8165602
2011-10-06,nominate,0.07731322867470003,0.07702409392877163,0.06563116,0.17894736842105263,1.482510419712343,1.467858361015908,0.870152
2011-12-02,nominate,0.05956044385913639,0.05925934841497105,0.04438667,0.18947368421052632,1.5708093983362048,1.554842691055178,0.9087751
2012-02-01,nominate,0.0637939481247829,0.06350758061129924,0.05650569,0.1794871794871795,1.6710175316075861,1.653586988595254,0.96012604
2012-03-29,nominate,-0.053144504285803085,-0.05351589013151359,-0.06258865,0.26153846153846155,1.5822121332374146,1.56509380899069,0.90003306
2012-05-25,nominate,-0.00969135587643144,-0.00992747824620932,0.0057824347,0.15897435897435896,1.566878352382203,1.549556374248658,0.9052375
2012-07-24,nominate,0.076197629504684,0.0759575814234652,0.093063034,0.14871794871794872,1.6862707685559317,1.6672569287159,0.9894816
2012-09-19,nominate,-0.0419475566978077,-0.04221282679855454,-0.066150814,0.18461538461538463,1.615535829884076,1.5968773007553259,0.92402667
2012-11-16,nominate,0.06277393774278983,0.06252871051414499,0.0663525,0.15384615384615385,1.7169493754904654,1.696727979220865,0.98533815
2013-01-16,nominate,0.0680647367585474,0.0678404667121828,0.055044044,0.14,1.8338130827609764,1.8118347972148272,1.0395751
2013-03-15,nominate,0.06180091494541462,0.06136301238540276,0.05960864,0.275,1.947144409114476,1.9230144383166243,1.1015428
2013-05-13,nominate,0.05183170895238165,0.05145311768358707,0.009287006,0.24,2.0480682314159546,2.021959526518567,1.1117729
2013-07-10,nominate,-0.00900121007226018,-0.009246451924088128,-0.006881658,0.165,2.0296331390226574,2.0032635749641607,1.104122
2013-09-05,nominate,0.08218661629192181,0.08197872848786658,0.055732384,0.12807881773399016,2.196441819032881,2.1674885756657805,1.1656574
2013-10-31,nominate,0.048421068737452666,0.048236971933881545,0.044313163,0.11707317073170732,2.302795879330088,2.2720416612571794,1.2173114
2013-12-30,nominate,-0.005772131894150823,-0.005975806495583935,0.009507252,0.13658536585365855,2.2895038377892876,2.2584643799396016,1.2288847
2014-02-27,nominate,-0.02681963360329609,-0.027194930794447902,0.0026912107,0.2571428571428571,2.2281001837264385,2.1970455974254186,1.2321919
2014-04-25,nominate,0.029135590039118364,0.028863640140844637,0.047206637,0.1761904761904762,2.293017197245576,2.260460330922533,1.2903596
2014-06-23,nominate,0.012429569585209466,0.012176493827282808,0.014626915,0.16666666666666666,2.321518414058822,2.287984812188829,1.3092335
2014-08-19,nominate,-0.03971430118066277,-0.03996215689363225,-0.059004657,0.17209302325581396,2.2293209325664356,2.196552004153891,1.2319827
2014-10-15,nominate,0.1285279502372727,0.12832325908107878,0.11542667,0.12093023255813953,2.5158509824502446,2.4784207160679936,1.3741864
2014-12-11,nominate,0.03685591911609065,0.03659553218964762,0.020578356,0.16744186046511628,2.608574982767568,2.5691198411623493,1.402465
2015-02-10,nominate,0.03706029741815464,0.03685049481475433,0.011083651,0.13488372093023257,2.705249547466492,2.663793178547585,1.4180094
2015-04-09,nominate,-0.01683615656853421,-0.01726134013320102,0.0027247004,0.28837209302325584,2.6597035425283897,2.6178125384481743,1.421873
2015-06-05,nominate,-0.008682193525319959,-0.008924229950360574,0.0007154832,0.16279069767441862,2.6366114816521793,2.5944505773881255,1.4228903
2015-08-03,nominate,-0.0881877355359757,-0.08839128020398623,-0.102908924,0.14883720930232558,2.4040946855971197,2.365123769426818,1.2764622
2015-09-29,nominate,0.04579525378163485,0.04550344466092171,0.099700645,0.18604651162790697,2.5141908118391196,2.472745047985162,1.4037263
2015-11-24,nominate,-0.10727436156734382,-0.10755459190604266,-0.104343675,0.20930232558139536,2.244482597640596,2.20678996346143,1.2572564
2016-01-25,nominate,0.10476768477379528,0.10453647852414782,0.0856597,0.13953488372093023,2.4796318429104756,2.4374800150841205,1.3649527
2016-03-22,nominate,-0.022380983996035275,-0.02273559075689402,0.00391947,0.24186046511627907,2.4241352423182367,2.38206246698306,1.3703026
2016-05-18,nominate,0.08039685946920905,0.08014060967635683,0.057679135,0.15813953488372093,2.6190281027292532,2.5729624053742493,1.4493405
2016-07-15,nominate,0.005256251728783967,0.005065129625626774,0.0017131782,0.1267605633802817,2.6327943737219575,2.585994793479334,1.4518234
2016-09-12,nominate,-0.018045990794288924,-0.018293742323288065,-0.00786633,0.16822429906542055,2.5852829906905153,2.5386872710780586,1.4404029
2016-11-07,nominate,0.07965704825136455,0.07941800779873054,0.06445997,0.14761904761904762,2.791219002623382,2.740304756571074,1.5332512
2017-01-05,nominate,0.024535672981730983,0.024256941893428197,0.04935332,0.1813953488372093,2.8597034392921423,2.8067761698215032,1.6089222
2017-03-06,nominate,0.045968369336739645,0.0455379081610221,0.005940359,0.2744186046511628,2.9911593431830683,2.9345908852713802,1.6184797
2017-05-02,nominate,0.01844720481866724,0.018212752102696017,0.019767983,0.15348837209302327,3.0463378722320367,2.9880378615876593,1.6504738
2017-06-28,nominate,-0.02276485580883747,-0.0230443505386273,0.0013543537,0.19069767441860466,2.9769884298256737,2.919180469682543,1.6527091
2017-08-24,nominate,0.07160981528747046,0.07137059886914598,0.04985705,0.14883720930232558,3.1901700213984268,3.1275241280109007,1.7351083
2017-10-20,nominate,0.0665418004982734,0.06634091270784359,0.041634306,0.12558139534883722,3.4024496785178933,3.3350069331789465,1.8073483
2017-12-18,nominate,0.025408992718984003,0.02517293735726578,0.016947212,0.15348837209302327,3.488902497626064,3.418958853793907,1.8379779
2018-02-15,nominate,0.01431633270575583,0.01403330717460971,-0.018324107,0.18604651162790697,3.538850786560021,3.4669381536065487,1.8042985
2018-04-16,nominate,0.11015156842988372,0.10964824172874321,0.035606977,0.3023255813953488,3.9286607511389353,3.8470818263318023,1.8685441
2018-06-12,nominate,0.01347301563450265,0.013183156670324214,0.022457784,0.19069767441860466,3.9815916588616873,3.8977985087718916,1.9105076
2018-08-08,nominate,-0.007138759247706572,-0.007367321919758307,0.013693846,0.15348837209302327,3.953168034586397,3.8690821723794153,1.9366697
2018-10-04,nominate,-0.02375585350177234,-0.023989856584467506,-0.048465632,0.1598173515981735,3.859257153888873,3.776263445950513,1.8428079
2018-11-30,nominate,-0.03139714333291177,-0.03168092491826102,-0.03692738,0.19534883720930232,3.738087503869659,3.656627927247781,1.7747577
2019-01-31,nominate,0.041530271091717585,0.04132682923540654,0.045641374,0.13023255813953488,3.893331291269928,3.8077447651745686,1.8557602
2019-03-29,nominate,-0.04448016001140265,-0.04483506524409464,-0.015981799,0.24766355140186916,3.7201552924568406,3.637024280195107,1.8261019
2019-05-28,nominate,0.07725909428880184,0.07697353321957401,0.08077874,0.17674418604651163,4.007571120965749,3.916978889447102,1.9736121
2019-07-24,nominate,-0.010967440364146652,-0.011243410943034049,0.00046515628,0.18604651162790697,3.9636183236914806,3.872938686137859,1.9745301
2019-09-19,nominate,0.015261603002467261,0.014970910619834799,0.030596627,0.19090909090909092,4.024109493000965,3.9309201050441294,2.034944
2019-11-14,nominate,0.040942005845870044,0.04066607175186299,0.052826263,0.17674418604651163,4.188864607387831,4.090775184086695,2.1424427
2020-01-02,holdout,-0.060351009753473184,-0.06175942692596359,-0.037582535,1.0,3.93606239861139,3.8381312530345477,2.0619242
2020-03-02,holdout,-0.07522859030607476,-0.07555112872717351,-0.076801255,0.23255813953488372,3.6399579730071077,3.5481561046647467,1.9035659
2020-04-28,holdout,0.10588127751599119,0.10557126080501167,0.04308304,0.18691588785046728,4.025361373293618,3.922739418167203,1.9855773
2020-06-24,holdout,0.15959617856644837,0.15923386137270779,0.11470655,0.20833333333333334,4.6677936658202706,4.547372362880896,2.213336
2020-08-20,holdout,0.07604167111770099,0.07566023305287084,0.02772844,0.23636363636363636,5.022740496601863,4.891427615634648,2.2747083
2020-10-16,holdout,0.11305337042563823,0.11285607390670882,0.045920007,0.11818181818181818,5.590578238516048,5.443454932134029,2.3791628
2020-12-14,holdout,0.21860171328868794,0.21827679615409545,0.06344583,0.17777777777777778,6.812688219730111,6.631634834729454,2.5301106
2021-02-11,holdout,0.040187574565685,0.03989591068568776,0.055893313,0.18695652173913044,7.086473635553279,6.896209945795915,2.671527
2021-04-12,holdout,0.05722965444778527,0.056676440725005994,0.026122032,0.34893617021276596,7.492030072969334,7.2870625800160145,2.7413125
2021-06-08,holdout,-0.013475998132019273,-0.013765615852519342,0.0373364,0.19574468085106383,7.391067489700967,7.186751675846246,2.8436632
2021-08-04,holdout,-0.02178068681240153,-0.02200261055597741,-0.025169203,0.15126050420168066,7.230084963498468,7.0286243775600825,2.7720904
2021-09-30,holdout,0.05539688972532164,0.05512647891871403,0.06494498,0.17083333333333334,7.630609182926099,7.416087691137208,2.9521239
2021-11-26,holdout,-0.09019570821129042,-0.09045747137626803,-0.0637835,0.19183673469387755,6.942360983588503,6.74524715109227,2.763827
2022-01-25,holdout,-0.01462810405250059,-0.0147970104712557,0.006988534,0.11428571428571428,6.84080740475055,6.64543765836635,2.783142
2022-03-23,holdout,-0.11057634614169576,-0.11101187555678993,-0.12665384,0.32653061224489793,6.084375917274178,5.907715160015379,2.4306464
2022-05-19,holdout,0.007020266948314813,0.006711914208075154,-0.0024920814,0.20416666666666666,6.127089860427341,5.947367237335148,2.4245892
2022-07-19,holdout,0.004773951549126743,0.004554181284598169,0.005427179,0.14583333333333334,6.156340290558167,5.974452625900052,2.4377477
2022-09-14,holdout,-0.005113143077249083,-0.005330750776358917,-0.04791833,0.14583333333333334,6.12486204182031,5.942604307926215,2.320935
2022-11-09,holdout,0.024984224108171027,0.02476834591196675,-0.00048963394,0.14042553191489363,6.277886967704779,6.089792787042875,2.3197985
2023-01-09,holdout,0.03764219004827529,0.03748921561772933,0.030135605,0.09829059829059829,6.514200382044713,6.318094341903619,2.389707
2023-03-08,holdout,-0.0396895164759441,-0.040063351821796656,0.013483802,0.25957446808510637,6.255654918653948,6.064970305440631,2.4219294
2023-05-04,holdout,0.0878974756626607,0.08762080648982162,0.085299954,0.16956521739130434,6.805511194620338,6.596387894940158,2.6285198
2023-07-03,holdout,0.01221095220777757,0.011946931614235545,0.016406056,0.17391304347826086,6.888612966567342,6.67519449002198,2.6716435
2023-08-29,holdout,-0.08090500411643398,-0.08112076630860143,-0.07109969,0.1565217391304348,6.331289706150691,6.133697597732443,2.4816904
2023-10-25,holdout,0.17818138131491468,0.17797718090618897,0.13507023,0.11555555555555555,7.459407651497521,7.2253558047079265,2.8168929
2023-12-21,holdout,0.005752318603053697,0.005464044257710299,0.049276173,0.19111111111111112,7.502316540898992,7.264835468602555,2.9556985
2024-02-21,holdout,-0.02602319218139293,-0.026245487603808737,-0.008908594,0.15217391304347827,7.307082315749534,7.074166319367636,2.9293675
2024-04-18,holdout,0.0254607111983447,0.02502327461470455,0.08677725,0.28444444444444444,7.4931258282933655,7.251185125847266,3.18357
2024-06-14,holdout,0.0378190956926685,0.037604635240472195,-7.3861906e-05,0.13777777777777778,7.776509071030798,7.523863297565891,3.1833348
2024-08-13,holdout,0.05066315866126492,0.05043203818961106,0.06316669,0.14666666666666667,8.170491583927197,7.903307058722147,3.3844156
2024-10-09,holdout,0.0950169340252578,0.09482714753818922,0.053649813,0.11555555555555555,8.94682664371113,8.652755123219205,3.5659888
2024-12-05,holdout,-0.026673538951648368,-0.026848721948167342,-0.0053009875,0.12,8.708183114736457,8.420439706830312,3.5470855
2025-02-05,holdout,-0.14365180057434213,-0.14377168093063686,-0.11434179,0.09333333333333334,7.457236930573482,7.209818936004239,3.1415055
2025-04-03,holdout,0.1024075561746225,0.10194163691335612,0.13183883,0.2818181818181818,8.220914340448656,7.944799680189423,3.555678
2025-06-02,holdout,0.03795580444650448,0.037651539279071944,0.0711078,0.19545454545454546,8.532945757526191,8.243933617412432,3.808514
2025-07-30,holdout,0.035576455170510446,0.03527963246461585,0.02907135,0.19111111111111112,8.836517719741218,8.534776565497435,3.9192326
2025-09-25,holdout,-0.07114840902740327,-0.07142083220535589,-0.010583585,0.19555555555555557,8.207813542639173,7.925215720502838,3.877753
2025-11-20,holdout,0.08006552996465399,0.07979432584248825,0.046332397,0.167420814479638,8.864976483781643,8.557602966076653,4.0574183
2026-01-21,holdout,-0.07976548378798365,-0.07995116260168877,-0.043560177,0.13452914798206278,8.157857345783702,7.873412659855164,3.8806765
2026-03-19,holdout,0.02856667849705974,0.028117947305975388,0.12590817,0.2909090909090909,8.390900233805581,8.094796862143172,4.369285
2026-05-15,holdout,0.09332644318465322,0.0929314261378098,0.020247867,0.2409090909090909,9.17399310774393,8.847057878838005,4.4577537
2026-07-15,holdout,0.08664655738965932,0.08636505361277957,0.019421855,0.17272727272727273,9.968888028046404,9.611134506859212,4.5443316
