ticker,rows,uncovered,n_entities,first_uncovered,last_uncovered
CHUC,4750,3756,1,2005-01-03,2023-11-14
AMNI,4549,3690,1,2008-06-03,2023-01-27
AIRO2,4183,3098,1,2009-04-27,2021-08-13
ZAAP,3129,2645,1,2006-12-04,2017-06-07
GEEK,2637,2637,1,2005-01-03,2015-06-24
ULUR,3515,2328,1,2006-04-05,2020-03-23
BKFG,2609,2188,1,2006-09-05,2015-05-14
CSBR,4949,2149,1,2007-02-02,2015-08-14
CDYCF,3910,1676,1,2005-01-03,2020-07-15
DXIEF,3769,1445,1,2006-09-08,2021-08-27
EVOQ,1948,1391,1,2009-04-13,2014-10-17
GLAE,4259,1089,1,2017-08-07,2021-12-01
MOKOY,1472,972,1,2010-08-11,2014-06-20
MSII1,2321,922,1,2010-07-26,2014-03-24
AXPWQ,734,410,1,2010-05-03,2016-02-17
WINMQ,3932,388,1,2019-03-12,2020-09-22
PCXCQ,1543,354,1,2012-07-23,2013-12-17
ANY,3281,223,1,2013-08-14,2014-07-02
CARB,2151,42,1,2019-12-30,2020-02-28
EEEE,657,38,2,2007-06-20,2007-08-13
WCRX1,29,24,1,2005-01-10,2005-02-11
RFMD,2537,18,1,2015-01-06,2015-01-30
SBLK1,133,6,1,2005-07-06,2005-07-13
NOEMU,431,4,1,2026-09-30,2026-10-05
NXDT,5101,3,1,2026-10-01,2026-10-05
NWFL,5473,3,1,2026-10-01,2026-10-05
NXGL,1200,3,1,2026-10-01,2026-10-05
NXE,2359,3,1,2026-10-01,2026-10-05
NVS,5473,3,1,2026-10-01,2026-10-05
NVST,1771,3,2,2026-10-01,2026-10-05
NVT,2119,3,2,2026-10-01,2026-10-05
NVTS,1465,3,1,2026-10-01,2026-10-05
NVX,1172,3,2,2026-10-01,2026-10-05
NWAX,209,3,1,2026-10-01,2026-10-05
NWAX.U,175,3,1,2026-10-01,2026-10-05
NWBI,5473,3,1,2026-10-01,2026-10-05
NWE,4721,3,1,2026-10-01,2026-10-05
NWG,4770,3,1,2026-10-01,2026-10-05
NXDR,1390,3,1,2026-10-01,2026-10-05
NWGL,769,3,1,2026-10-01,2026-10-05
NWL,5473,3,1,2026-10-01,2026-10-05
NWN,5473,3,1,2026-10-01,2026-10-05
NWPX,5473,3,1,2026-10-01,2026-10-05
NWS,3336,3,1,2026-10-01,2026-10-05
NWSA,3336,3,1,2026-10-01,2026-10-05
NWTG,788,3,1,2026-10-01,2026-10-05
NX,5473,3,1,2026-10-01,2026-10-05
NVRI,88,3,2,2026-10-01,2026-10-05
NXB,223,3,1,2026-10-01,2026-10-05
NXDT-PA,1441,3,1,2026-10-01,2026-10-05
NXAT,24,3,1,2026-10-01,2026-10-05
NVDA,5473,3,1,2026-10-01,2026-10-05
NVR,5473,3,1,2026-10-01,2026-10-05
NUR,35,3,1,2026-10-01,2026-10-05
NTRB,2222,3,1,2026-10-01,2026-10-05
NTRP,2422,3,2,2026-10-01,2026-10-05
NTRS,5473,3,1,2026-10-01,2026-10-05
NTRSO,1720,3,1,2026-10-01,2026-10-05
NTSK,263,3,1,2026-10-01,2026-10-05
NTST,1543,3,2,2026-10-01,2026-10-05
NTWK,5473,3,1,2026-10-01,2026-10-05
NTWO,481,3,2,2026-10-01,2026-10-05
NTWOU,442,3,1,2026-09-30,2026-10-02
NU,1209,3,1,2026-10-01,2026-10-05
NUAI,1215,3,1,2026-10-01,2026-10-05
NUCL,997,3,1,2026-10-01,2026-10-05
NUE,5473,3,1,2026-10-01,2026-10-05
NUS,5473,3,1,2026-10-01,2026-10-05
NVO,5473,3,1,2026-10-01,2026-10-05
NUTX,1130,3,1,2026-10-01,2026-10-05
NUVB,1573,3,1,2026-10-01,2026-10-05
NUWE,3679,3,1,2026-10-01,2026-10-05
NVA,552,3,1,2026-10-01,2026-10-05
NVAX,5473,3,1,2026-10-01,2026-10-05
NVCR,2767,3,1,2026-10-01,2026-10-05
NVCT,1170,3,1,2026-10-01,2026-10-05
NXL,1016,3,2,2026-10-01,2026-10-05
NVEC,5473,3,1,2026-10-01,2026-10-05
NVGS,3235,3,1,2026-10-01,2026-10-05
NVMI,5473,3,1,2026-10-01,2026-10-05
NVNI,755,3,1,2026-10-01,2026-10-05
NVNO,2098,3,1,2026-10-01,2026-10-05
NXH,5473,3,1,2026-10-01,2026-10-05
NXXT,1269,3,1,2026-10-01,2026-10-05
NXPI,4065,3,1,2026-10-01,2026-10-05
TLYS,3625,3,1,2026-10-01,2026-10-05
SEAL-PB,2247,3,1,2026-10-01,2026-10-05
SEAT,1537,3,1,2026-10-01,2026-10-05
SEB,5473,3,1,2026-10-01,2026-10-05
SECZ,358,3,1,2026-10-01,2026-10-05
SEDG,2899,3,1,2026-10-01,2026-10-05
SEED,5473,3,1,2026-10-01,2026-10-05
SEER,1464,3,2,2026-10-01,2026-10-05
SEG,546,3,2,2026-10-01,2026-10-05
SEGG,2099,3,1,2026-10-01,2026-10-05
SEI,2362,3,1,2026-10-01,2026-10-05
SEIC,5473,3,1,2026-10-01,2026-10-05
SELF,2694,3,1,2026-10-01,2026-10-05
TLX,472,3,1,2026-10-01,2026-10-05
TM,5473,3,2,2026-10-01,2026-10-05
SE,2250,3,3,2026-10-01,2026-10-05
TMC,1612,3,1,2026-10-01,2026-10-05
TMCI,1369,3,2,2026-10-01,2026-10-05
TMCR,125,3,1,2026-10-01,2026-10-05
TMDE,367,3,1,2026-10-01,2026-10-05
TMDX,1867,3,1,2026-10-01,2026-10-05
TME,1963,3,1,2026-10-01,2026-10-05
TMO,5473,3,1,2026-10-01,2026-10-05
TMP,5473,3,1,2026-10-01,2026-10-05
TMQ,3632,3,2,2026-10-01,2026-10-05
TMS,402,3,2,2026-10-01,2026-10-05
TMTS,163,3,1,2026-10-01,2026-10-05
TMUS,4897,3,1,2026-10-01,2026-10-05
TNC,5473,3,1,2026-10-01,2026-10-05
SEAL-PA,2509,3,1,2026-10-01,2026-10-05
SDST,1439,3,1,2026-10-01,2026-10-05
NXPL,1344,3,1,2026-10-01,2026-10-05
OACC,487,3,1,2026-10-01,2026-10-05
NXRT,2904,3,1,2026-10-01,2026-10-05
NXST,5473,3,1,2026-10-01,2026-10-05
NXT,916,3,1,2026-10-01,2026-10-05
NXTC,1862,3,1,2026-10-01,2026-10-05
NXTS,1353,3,1,2026-10-01,2026-10-05
NXTT,1058,3,1,2026-10-01,2026-10-05
NTR,2201,3,1,2026-10-01,2026-10-05
NYAX,1013,3,1,2026-10-01,2026-10-05
NYC,1539,3,1,2026-10-01,2026-10-05
NYT,5473,3,1,2026-10-01,2026-10-05
NYXH,1320,3,1,2026-10-01,2026-10-05
O,5473,3,1,2026-10-01,2026-10-05
OABI,1294,3,1,2026-10-01,2026-10-05
OACCU,451,3,1,2026-10-01,2026-10-05
SDRL,996,3,2,2026-10-01,2026-10-05
OAK-PA,2102,3,1,2026-10-01,2026-10-05
OAK-PB,2046,3,1,2026-10-01,2026-10-05
OBA,322,3,1,2026-10-01,2026-10-05
OBAI,168,3,1,2026-10-01,2026-10-05
OBAWU,286,3,1,2026-10-01,2026-10-05
OBDC,1814,3,1,2026-10-01,2026-10-05
OBE,5253,3,1,2026-10-01,2026-10-05
OBIO,1550,3,1,2026-10-01,2026-10-05
OBK,2113,3,1,2026-10-01,2026-10-05
OBT,1297,3,1,2026-10-01,2026-10-05
OBX,45,3,1,2026-10-01,2026-10-05
OC,5011,3,2,2026-10-01,2026-10-05
SDOT,1669,3,1,2026-10-01,2026-10-05
NTRA,2831,3,1,2026-10-01,2026-10-05
NTES,5473,3,1,2026-10-01,2026-10-05
NTNX,2516,3,1,2026-10-01,2026-10-05
NTLA,2618,3,1,2026-10-01,2026-10-05
NICM,121,3,1,2026-10-01,2026-10-05
NIKI,1959,3,1,2026-10-01,2026-10-05
NINE,130,3,3,2026-10-01,2026-10-05
NIO,2026,3,1,2026-10-01,2026-10-05
NIPG,550,3,1,2026-10-01,2026-10-05
NIQ,303,3,1,2026-10-01,2026-10-05
NIU,1999,3,1,2026-10-01,2026-10-05
NIVF,1163,3,1,2026-10-01,2026-10-05
NIXX,1320,3,1,2026-10-01,2026-10-05
NJR,5473,3,1,2026-10-01,2026-10-05
NKE,5473,3,1,2026-10-01,2026-10-05
NKLR,477,3,1,2026-10-01,2026-10-05
NKSH,5473,3,1,2026-10-01,2026-10-05
NKTR,5473,3,1,2026-10-01,2026-10-05
NKTX,1567,3,1,2026-10-01,2026-10-05
NL,5473,3,1,2026-10-01,2026-10-05
NLOP,732,3,1,2026-10-01,2026-10-05
NLY,5473,3,1,2026-10-01,2026-10-05
NLY-PF,2307,3,1,2026-10-01,2026-10-05
NLY-PG,2191,3,1,2026-10-01,2026-10-05
NLY-PJ,286,3,1,2026-10-01,2026-10-05
NMAD,1470,3,1,2026-10-01,2026-10-05
NMAX,381,3,1,2026-10-01,2026-10-05
NMFC,3866,3,1,2026-10-01,2026-10-05
NMG,1348,3,1,2026-10-01,2026-10-05
NMIH,3244,3,1,2026-10-01,2026-10-05
NMM,4752,3,1,2026-10-01,2026-10-05
NMP,318,3,1,2026-10-01,2026-10-05
NMPAU,274,3,1,2026-10-01,2026-10-05
NICE,5473,3,1,2026-10-01,2026-10-05
NIC,2669,3,1,2026-10-01,2026-10-05
NI,5473,3,1,2026-10-01,2026-10-05
NG,5473,3,1,2026-10-01,2026-10-05
NEWP,1350,3,2,2026-10-01,2026-10-05
NEWT,5473,3,1,2026-10-01,2026-10-05
NEWTP,278,3,1,2026-10-01,2026-10-05
NEXA,2245,3,1,2026-10-01,2026-10-05
NEXM,308,3,1,2026-10-01,2026-10-05
NEXN,1330,3,1,2026-10-01,2026-10-05
NEXR,1030,3,2,2026-10-01,2026-10-05
NEXT,2851,3,3,2026-10-01,2026-10-05
NFE,1930,3,1,2026-10-01,2026-10-05
NFEGP,16,3,1,2026-10-01,2026-10-05
NFG,5473,3,1,2026-10-01,2026-10-05
NFGC,1259,3,1,2026-10-01,2026-10-05
NFLX,5473,3,1,2026-10-01,2026-10-05
NGEN,186,3,2,2026-10-01,2026-10-05
NHTC,5473,3,1,2026-10-01,2026-10-05
NGG,5473,3,1,2026-10-01,2026-10-05
NGL,3870,3,1,2026-10-01,2026-10-05
NGL-PB,2337,3,1,2026-10-01,2026-10-05
NGL-PC,1886,3,1,2026-10-01,2026-10-05
NGNE,3164,3,1,2026-10-01,2026-10-05
NGS,5473,3,1,2026-10-01,2026-10-05
NGVC,3569,3,1,2026-10-01,2026-10-05
NGVT,2612,3,1,2026-10-01,2026-10-05
NHC,5473,3,1,2026-10-01,2026-10-05
NHI,5473,3,1,2026-10-01,2026-10-05
NHIV,120,3,1,2026-10-01,2026-10-05
NHIVU,83,3,1,2026-10-01,2026-10-05
NHP,115,3,2,2026-10-01,2026-10-05
NMR,5473,3,2,2026-10-01,2026-10-05
NMRA,766,3,1,2026-10-01,2026-10-05
NMRK,2211,3,1,2026-10-01,2026-10-05
NMTC,2151,3,2,2026-10-01,2026-10-05
NRDS,1233,3,1,2026-10-01,2026-10-05
NRDY,1505,3,1,2026-10-01,2026-10-05
NREF,1673,3,1,2026-10-01,2026-10-05
NREF-PA,1555,3,1,2026-10-01,2026-10-05
NRG,5473,3,2,2026-10-01,2026-10-05
NRGV,1423,3,1,2026-10-01,2026-10-05
NRIM,5473,3,1,2026-10-01,2026-10-05
NRIX,1557,3,1,2026-10-01,2026-10-05
NRP,5473,3,1,2026-10-01,2026-10-05
NRSN,1209,3,1,2026-10-01,2026-10-05
NRXP,2229,3,1,2026-10-01,2026-10-05
NRXS,792,3,1,2026-10-01,2026-10-05
NSAI,34,3,1,2026-10-01,2026-10-05
NSAIU,23,3,1,2026-10-01,2026-10-05
NSC,5473,3,1,2026-10-01,2026-10-05
NSIT,5473,3,1,2026-10-01,2026-10-05
NSLR,3882,3,1,2026-10-01,2026-10-05
NSP,5473,3,2,2026-10-01,2026-10-05
NSPR,3893,3,2,2026-10-01,2026-10-05
NSRX,288,3,1,2026-10-01,2026-10-05
NSSC,5473,3,1,2026-10-01,2026-10-05
NSYS,5473,3,1,2026-10-01,2026-10-05
NTAP,5473,3,1,2026-10-01,2026-10-05
NTB,2526,3,1,2026-10-01,2026-10-05
NTCT,5473,3,1,2026-10-01,2026-10-05
NTGR,5473,3,1,2026-10-01,2026-10-05
NTHI,384,3,1,2026-10-01,2026-10-05
NTIC,5473,3,1,2026-10-01,2026-10-05
NTIP,5473,3,1,2026-10-01,2026-10-05
NRC,5473,3,2,2026-10-01,2026-10-05
NPWR,1332,3,1,2026-10-01,2026-10-05
NPT,239,3,1,2026-10-01,2026-10-05
NPO,5473,3,1,2026-10-01,2026-10-05
NN,1499,3,2,2026-10-01,2026-10-05
NNBR,5473,3,1,2026-10-01,2026-10-05
NNDM,2661,3,1,2026-10-01,2026-10-05
NNE,604,3,1,2026-10-01,2026-10-05
NNI,5473,3,1,2026-10-01,2026-10-05
NNN,5473,3,1,2026-10-01,2026-10-05
NNNN,409,3,1,2026-10-01,2026-10-05
NNOX,1537,3,1,2026-10-01,2026-10-05
NNVC,3276,3,1,2026-10-01,2026-10-05
NOA,4996,3,1,2026-10-01,2026-10-05
NOAH,3998,3,1,2026-10-01,2026-10-05
NOC,5473,3,1,2026-10-01,2026-10-05
NODK,2402,3,1,2026-10-01,2026-10-05
NOEM,467,3,1,2026-10-01,2026-10-05
NOG,4901,3,1,2026-10-01,2026-10-05
NOK,5473,3,1,2026-10-01,2026-10-05
NOMA,231,3,1,2026-10-01,2026-10-05
NOMD,2698,3,1,2026-10-01,2026-10-05
NOV,5473,3,1,2026-10-01,2026-10-05
NOVT,5473,3,1,2026-10-01,2026-10-05
NOVTU,227,3,1,2026-10-01,2026-10-05
NOW,3586,3,1,2026-10-01,2026-10-05
NP,254,3,2,2026-10-01,2026-10-05
NPAC,364,3,1,2026-10-01,2026-10-05
NPB,411,3,1,2026-10-01,2026-10-05
NPCE,1370,3,1,2026-10-01,2026-10-05
NPK,5473,3,1,2026-10-01,2026-10-05
NPKI,5473,3,1,2026-10-01,2026-10-05
NTCL,452,3,1,2026-10-01,2026-10-05
FOXH,698,1,1,2007-10-10,2007-10-10
