ticker,sector,close,market_cap,volatility_60,composite_score,weight
SLAB,Technology,220.0,7340687420.0,0.0024282829224226686,0.22710729463261062,0.04205885911643201
RAMP,Technology,37.74,2294402620.6800003,0.003182869375610349,0.2524719789564738,0.03208765339590104
PEN,Healthcare,319.26,12575466867.72,0.004090151994023304,0.18948694327434862,0.02496993008530013
AB,Financial Services,36.72,3417722041.68,0.009278504875089744,0.17054919123605228,0.011007248549624218
SYY,Consumer Defensive,79.84,38251025917.44,0.011061671346800203,0.23482987353666762,0.009232855156066094
UNF,Industrials,275.66,4985083129.18,0.011855752494812528,0.21270612214362203,0.008614451876732416
PG,Consumer Defensive,145.58,338390964874.80005,0.011946681868436074,0.1537675489048427,0.008548884991978332
HESM,Energy,40.97,5258535594.57,0.012582638387507,0.25160885034608516,0.008116803978918764
HSIC,Healthcare,88.86,9903139722.12,0.012790364605143633,0.22542905905486452,0.007984980294302245
COST,Consumer Defensive,910.18,403645537824.72,0.01293850990396376,0.22881365498554504,0.007893552664648397
SEIC,Financial Services,108.6,13034083165.199999,0.013010760073245269,0.2621480705754487,0.007849718906048382
V,Financial Services,368.64,657811734773.76,0.01310920720728017,0.1864177278551215,0.007790769320687424
ARLP,Basic Materials,26.66,3430043634.66,0.013129940689941572,0.1475331468038289,0.007778466920818002
BRC,Industrials,88.62,4156208344.6800003,0.0135225747941922,0.20033704838943678,0.007552615598981704
CL,Consumer Defensive,88.41,70478049811.89,0.013566591739665141,0.3685364055337254,0.007528111060525927
DCI,Industrials,90.99,10546746985.439999,0.013644716163948155,0.1878731332415566,0.007485007976850495
SBUX,Consumer Cyclical,102.01,116291400000.0,0.013700365567498216,0.34258657157670563,0.007454604683783093
ITW,Industrials,268.69,76522912000.0,0.013936651416067727,0.1932385964069257,0.007328217251043894
MA,Financial Services,570.89,500105314646.6,0.013948903192520545,0.30679169800689055,0.007321780638908996
OTIS,Industrials,70.06,26669693890.34,0.014092993684208924,0.1833904256304586,0.007246920818778873
GGG,Industrials,77.03,12475303062.72,0.01425783814622773,0.22563755798321145,0.007163134290175267
MCRI,Consumer Cyclical,119.28,2137798304.88,0.014284857005523415,0.2901087741682158,0.00714958569690426
CHE,Healthcare,519.01,6783440458.61,0.014385922934494262,0.3602565618210044,0.00709935746173961
UTHR,Healthcare,497.97,21358277895.24,0.014403570939236264,0.24226258085661898,0.0070906589594946804
PEP,Consumer Defensive,138.45,188969236205.09998,0.014688172280316616,0.21101534488813542,0.00695326875120308
CHD,Consumer Defensive,96.54,22899665181.780003,0.014712555778955933,0.18184662360287626,0.006941744919335862
CNXN,Technology,83.64,2110914600.3600001,0.014914930660965482,0.15433919996126144,0.00684755508762128
TJX,Consumer Cyclical,128.92,141808655944.12,0.014936081902791068,0.24844653307759598,0.006837858147385218
EW,Healthcare,86.72,49985408000.0,0.014968159494825547,0.18696592129422096,0.00682320423992804
FAST,Industrials,49.38,56663430154.740005,0.015047176513650434,0.24129673146606542,0.006787373646900614
GWW,Industrials,1289.17,60721121398.14001,0.015159232680892544,0.3063237409251759,0.006737201775241805
WST,Healthcare,337.75,23769413615.5,0.015184603640524274,0.18280658342502296,0.006725945026082129
FELE,Industrials,99.13,4382682426.32,0.015521808366510547,0.1924869477517444,0.006579826713320827
MNST,Consumer Defensive,43.15,84533083616.59999,0.015534429445340475,0.16594146739865598,0.006574480877355093
EXPD,Industrials,185.96,24173056067.120003,0.015553962425275908,0.34187987131896275,0.006566224511578191
VLTO,Industrials,95.53,23289578152.32,0.01565136835257845,0.1700172131727539,0.006525359765888297
MSM,Industrials,120.38,6722777353.24,0.015961646891329093,0.2959509602726296,0.006398513262719383
LVS,Consumer Cyclical,43.98,28485898072.32,0.015979421139772187,0.22373426055180395,0.006391396060950732
MTD,Healthcare,1325.52,26558859685.68,0.015999109520182662,0.2720774734760453,0.006383530858400349
PFGC,Consumer Defensive,96.79,15247622167.28,0.016065227200485862,0.21637615529210408,0.006357258945327836
MSA,Industrials,188.72,7280494700.08,0.016080228030392645,0.17526619791721432,0.006351328422456394
AIT,Industrials,326.66,11988048300.960001,0.0161933829165068,0.2660464374726767,0.0063069470941062794
FDX,Industrials,314.13,74317248586.44,0.01666874677497387,0.2780114289098818,0.006127083859858619
WMK,Consumer Defensive,70.87,1753649589.39,0.01678204186687152,0.27078531810996176,0.006085720089319017
USFD,Consumer Defensive,103.09,22301534234.07,0.017459758672950212,0.2996288349458722,0.0058494971919194096
LNTH,Healthcare,100.44,6555956742.36,0.01759462143196337,0.29191717369836323,0.005804660800685163
TTC,Industrials,94.75,8969355065.5,0.018062530244368595,0.29768674287466274,0.005654291394798047
PBI,Industrials,16.99,2329162701.8799996,0.018158194780281214,0.27691664680610206,0.005624502356364256
WMT,Consumer Defensive,106.05,841373788858.0499,0.018177245883855057,0.29832583318986516,0.005618607460205229
WSM,Consumer Cyclical,227.83,26833628984.59,0.01851717703802105,0.311039556850469,0.005515463243630987
BJ,Consumer Defensive,89.85,11349375076.199999,0.018675945908332933,0.28852983540525823,0.005468574916114078
NGVT,Basic Materials,69.15,2377233306.3,0.018687867143713618,0.26803833904728286,0.005465086440502037
COLM,Consumer Cyclical,57.71,2954359225.7400002,0.01872867731317712,0.30466923605122787,0.005453177905796671
RL,Consumer Cyclical,347.23,20688740847.97,0.019160847260769276,0.2899398395141383,0.005330182321223328
IDXX,Healthcare,520.21,40982724354.36,0.019785341043266638,0.2871142712287051,0.005161943335001044
GCMG,Financial Services,13.18,2672799878.0,0.01995192021332337,0.32256006834419576,0.005118846117919644
ODFL,Industrials,187.01,38777761880.22,0.020045759840405537,0.34038933433441076,0.005094883413855498
HAS,Consumer Cyclical,90.31,12737725814.77,0.020123224536917783,0.31543405875221964,0.005075270573145227
KR,Consumer Defensive,57.2,35043424530.4,0.02016061761024425,0.38064047690471453,0.005065857172803918
PIPR,Financial Services,77.34,5465640305.940001,0.020301863893969877,0.3404104155584894,0.0050306124532412035
SNDR,Industrials,34.64,6072423141.36,0.0205452368030259,0.30926978630223595,0.004971021278955081
JLL,Real Estate,352.11,16199772303.33,0.020763230174424628,0.29928449620688025,0.004918830474403436
VRSN,Technology,282.2,25398000000.0,0.020782234485719028,0.40302115163310814,0.004914332450593523
CRUS,Technology,110.76,5551021056.360001,0.0209628172716503,0.27852000558077045,0.00487199826271121
CASY,Consumer Cyclical,733.49,27142734369.86,0.021089085719563132,0.3018447867670574,0.0048428277397664496
KFY,Industrials,82.04,4172308280.0000005,0.021092991571748893,0.29019073060655426,0.004841930978904042
NHC,Healthcare,220.97,3460698453.15,0.02135163088276654,0.29111159719715696,0.00478327908016831
PCRX,Healthcare,25.87,1031226990.82,0.021419708707515066,0.32938662132693125,0.004768076481506045
JBHT,Industrials,274.78,25805946938.42,0.021479251199571635,0.40377540820296337,0.004754858927812606
COKE,Consumer Defensive,188.28,12532725274.32,0.021596901031381833,0.39609005281424975,0.004728956676729198
CMCSA,Communication Services,26.33,93435600967.09,0.021667503502356487,0.27550077774173587,0.004713547609114516
UNFI,Consumer Defensive,44.93,2719124960.2,0.021703741945106676,0.3232482086574009,0.004705677462776838
EXEL,Healthcare,57.67,14289570177.640001,0.021708013539275935,0.36419640933944536,0.0047047515031363564
LOPE,Consumer Defensive,151.53,3949635056.61,0.021945105150108335,0.3255676249001839,0.004653922076491332
NTNX,Technology,67.49,18243931152.41,0.02204481724988395,0.3096715857479209,0.004632871670984274
CALX,Technology,35.34,2225147371.26,0.022142675382866718,0.33560460868060005,0.004612396991920783
MSCI,Financial Services,551.39,40086053000.0,0.02215480607858499,0.3110016909621546,0.004609871508996564
XPO,Industrials,190.06,22253453537.9,0.02218243430657133,0.3234678206105015,0.004604129912773259
SIG,Consumer Cyclical,82.67,3251393160.61,0.022193547403530092,0.2964197702340036,0.00460182446149947
BBY,Consumer Cyclical,89.33,18734975262.34,0.022366716316296154,0.27815752268555854,0.004566195944220985
GIII,Consumer Cyclical,27.62,1165303626.26,0.022371382329471376,0.27353742352329985,0.004565243569882975
PGNY,Healthcare,27.15,2083132565.6999998,0.02243006325828528,0.34831246341582756,0.00455330010232082
LUV,Industrials,38.67,18917681132.670002,0.02260777726608199,0.3464320433000306,0.004517507764119638
CALY,Consumer Cyclical,15.57,2779408811.9700003,0.02263902590818339,0.270077870246998,0.004511272249222318
ULTA,Consumer Cyclical,549.23,23483685797.33,0.02265429839598112,0.3296533093220897,0.004508230956608696
DLTR,Consumer Defensive,124.04,23273662287.960003,0.022737291395664973,0.3492297996963014,0.0044917755396531
HCA,Healthcare,402.02,87037933030.0,0.023000806200360102,0.33298421320160065,0.004440314328087067
MTCH,Communication Services,41.15,9446023032.75,0.023094061995822635,0.368936152946064,0.00442238395945619
AXSM,Healthcare,207.82,10885781596.76,0.02328496361214968,0.31277697433858515,0.004386127074543625
LOGI,Technology,98.51,14105482585.320002,0.023331697543411842,0.30772235787840263,0.004377341560295146
BOX,Technology,34.3,4705986513.9,0.02350013853888137,0.38089986231150463,0.004345966265689698
HLI,Financial Services,135.39,9461933235.0,0.023592441524825508,0.3056920292179481,0.004328963122428178
EVR,Financial Services,295.67,11370811221.26,0.023607808479911393,0.35265889500939435,0.004326145284341791
M,Consumer Cyclical,22.45,5905202067.3,0.023703110443819793,0.3175665043918904,0.004308751358648872
HTLD,Industrials,12.32,952737767.52,0.023971915596692907,0.2959722782914589,0.0042604358803558645
YETI,Consumer Cyclical,40.74,2973563549.04,0.024247836421229012,0.3923997243826873,0.004211955555737631
PJT,Financial Services,182.13,4656120302.34,0.024324059919927858,0.3108617988275143,0.004198756690503816
VRSK,Industrials,175.49,22841078545.88,0.024462065073291735,0.3267952513614172,0.004175068990414946
DECK,Consumer Cyclical,82.6,11267815150.199999,0.024471113223852238,0.32828723594951337,0.004173525266086583
DPZ,Consumer Cyclical,335.41,11095944736.35,0.024604477494494223,0.3709506785915696,0.004150903401702669
DBX,Technology,33.81,7631230925.85,0.02494784900536911,0.4135414224925777,0.004093772144726102
SAM,Consumer Defensive,162.06,1667869822.8600001,0.02507418388256556,0.37578969154852115,0.004073145902069653
NXDR,Communication Services,2.22,858803452.44,0.025320799181715467,0.29873057827582017,0.0040334749545647445
CMPR,Communication Services,84.9,2067270512.4,0.025367726746731302,0.3478382132176443,0.004026013459884522
LAZ,Financial Services,44.05,4869646976.599999,0.025420057545439512,0.31654475245762687,0.004017725339387975
GFF,Industrials,97.33,4408534708.28,0.0260095449031797,0.3661736231508038,0.003926666526046259
DFIN,Financial Services,49.82,1224843781.06,0.02602719992848565,0.37612114273346525,0.003924002951129408
CROX,Consumer Cyclical,114.35,5482519326.25,0.02602832859152719,0.3985498721034922,0.003923832795097673
CARG,Consumer Cyclical,32.77,2918937874.0600004,0.026343799071867482,0.434087154923294,0.003876844378079023
FTNT,Technology,157.47,115537888937.91,0.02706951208538069,0.3378064741969008,0.003772909131382909
KTB,Consumer Cyclical,70.73,3865650542.6000004,0.027122940450988318,0.30099516130261955,0.0037654770327562818
CPNG,Consumer Cyclical,14.81,26621148306.620003,0.027128750066753644,0.2973462125488179,0.0037646706566910504
MC,Financial Services,68.77,5382563806.36,0.02748712783964584,0.3709941424472667,0.003715586798476095
BKNG,Industrials,180.3,135473904150.00002,0.0275270465109846,0.408250348034353,0.00371019859643343
DXCM,Healthcare,84.53,31898305465.45,0.02760733618681948,0.3045450152976521,0.003699408325304958
GRND,Technology,15.46,2687266893.42,0.027685457726335405,0.3867495006362388,0.0036889695066107692
CART,Consumer Cyclical,48.0,11112003216.0,0.027741440601253768,0.4138005210923935,0.0036815250800060124
DV,Technology,13.35,2069074407.45,0.027944017712770313,0.3226502538110943,0.003654836265092239
DT,Technology,50.29,14533917017.119999,0.028007872391442066,0.29149745992218895,0.003646503665170203
SAIA,Industrials,354.84,9465232806.0,0.028065622183216184,0.311320097819975,0.0036390003635867777
EAT,Consumer Cyclical,222.49,9292297074.9,0.028115772572282587,0.31122183360314754,0.0036325094416824453
CARS,Consumer Cyclical,11.25,602243032.5,0.02842863400651604,0.36331463298719296,0.0035925331236669245
YELP,Communication Services,20.96,1137365496.16,0.028872021638822302,0.4101244539339315,0.0035373625929846306
ETSY,Consumer Cyclical,72.82,6683546889.36,0.029011725395201894,0.4434400142201578,0.003520328692546626
CHWY,Consumer Cyclical,23.27,9527301296.89,0.02909895892871614,0.36352133624739397,0.0035097753696001002
AEO,Consumer Cyclical,17.22,2885612794.2599998,0.02918107669953131,0.2959113847238007,0.003499898594579726
TPR,Consumer Cyclical,117.58,23444473499.239998,0.029278077959767217,0.37866338473238875,0.0034883030733560095
GRDN,Healthcare,42.45,2688880804.8,0.02930731778695557,0.3355586384200387,0.0034848228033501705
SFM,Consumer Defensive,76.11,7097076738.75,0.02955649412264382,0.30810782901929834,0.00345544396792204
MAX,Communication Services,11.77,721077021.06,0.029653652332502056,0.34056164670267947,0.0034441224367182505
GCO,Consumer Cyclical,34.55,383745917.15,0.02985934789557731,0.2991333226982626,0.003420396509869533
HNGE,Healthcare,92.69,7479565511.73,0.030334525057944227,0.3162818360033776,0.0033668174838381412
PINS,Communication Services,20.14,11405544363.78,0.03039669649702222,0.38818398688114325,0.003359931212887491
EXPE,Industrials,274.55,32951310620.65,0.03049545966402276,0.3107315631516696,0.0033490496767131003
HALO,Healthcare,108.31,12292968380.0,0.0308460438331684,0.32983811534933133,0.00331098567717111
CBRL,Consumer Cyclical,52.76,1179263029.6,0.030916298078982555,0.3306745554304469,0.0033034617879571797
QCOM,Technology,174.09,182794500000.0,0.030926113332683528,0.2991709717423574,0.0033024133433889446
RELY,Technology,24.83,5256115060.82,0.03116971430391222,0.3128395924944384,0.0032766039602805737
FTDR,Consumer Cyclical,81.04,5583114328.64,0.031225467375392228,0.3425191125713228,0.0032707535839639275
UAA,Consumer Cyclical,5.06,2173500437.46,0.031232297866811753,0.2928036162476626,0.0032700382714247757
FLWS,Consumer Cyclical,3.65,233959462.95,0.03131536591727599,0.3283090925133809,0.003261364072794357
APPF,Technology,206.015,7296431606.879999,0.031427070120660316,0.35699638520947785,0.0032497718984586953
WK,Technology,73.71,4011039330.4799995,0.031469560267348796,0.31239917318898347,0.003245384061974915
ADBE,Technology,257.26,102260850000.0,0.031568843411108306,0.36504973855627965,0.0032351774184123413
KROS,Healthcare,11.17,221469689.96,0.031662158505435224,0.3623850968781641,0.0032256426646174717
YEXT,Technology,6.38,631484131.52,0.03168005047287846,0.2940253306392985,0.0032238209158299107
BCRX,Healthcare,9.065,2316425726.825,0.032198549150900535,0.2993655592491239,0.0031719071828475976
REAL,Consumer Cyclical,9.78,1189943504.6999998,0.03278379887287112,0.32595219362316463,0.003115282939754946
NP,Financial Services,32.05,4398320534.5,0.032804531738438426,0.4368584300435991,0.003113314042807748
THC,Healthcare,259.06,20859252140.0,0.03300858936643248,0.3866816601638318,0.0030940676741815876
CXM,Technology,5.55,1288550937.0,0.03331248166388199,0.3352150191762907,0.0030658421176632104
DOCU,Technology,65.08,12163611576.16,0.034205186961178316,0.3672644350435948,0.002985828127322552
DKNG,Consumer Cyclical,23.87,11850358125.76,0.03433371348889276,0.2943926398176581,0.0029746508300668665
BBWI,Consumer Cyclical,18.9,3811096415.7,0.03443934435857804,0.3110536762442708,0.002965527109507078
PODD,Healthcare,142.28,9867715433.72,0.035288230729325284,0.3057395643421276,0.002894189003478146
UPWK,Industrials,8.32,1039195996.8000001,0.03535687754398759,0.3070896089955628,0.0028885698179074663
ACI,Consumer Defensive,12.14,5891853791.62,0.035734513716368856,0.36558235453600135,0.002858043910703335
PEGA,Technology,35.8,5885697031.0,0.03628817523265136,0.3490625507081355,0.0028144377245267927
GTLB,Technology,47.15,7855190000.0,0.036429718992326214,0.29222807754119373,0.002803502529089678
NTRA,Healthcare,324.14,46722891263.799995,0.036572946985508566,0.29342994766638103,0.002792523374435221
ANDG,Consumer Cyclical,53.85,6084428194.05,0.0366089887363562,0.33643096147248513,0.002789774119807555
EXTR,Technology,21.65,2825122637.45,0.03678724808331566,0.31975362120303197,0.002776255758454866
PTRN,Consumer Cyclical,19.66,3487666089.7400002,0.03745195130589183,0.408317327651861,0.0027269823271650444
CRCT,Technology,5.45,1141472067.2,0.037971880253663035,0.3522184437485447,0.00268964319508936
INTA,Technology,39.86,3049734359.2799997,0.03807044606594295,0.37035362296724045,0.0026826796080116583
QLYS,Technology,170.32,5892220570.32,0.03810965214207572,0.34854156389823027,0.002679919747056764
CVLT,Technology,133.36,5527047055.040001,0.03827117971632397,0.3206657923154185,0.002668608861447
MANH,Technology,207.92,12122769778.24,0.039026354418178824,0.4044954082042531,0.0026169702717976488
BRBR,Consumer Defensive,9.79,1138363519.26,0.0392498295968659,0.30419662469044473,0.002602070133246336
IRWD,Healthcare,4.17,689050578.99,0.04032394340579918,0.35300233969990985,0.002532758473079419
SONO,Technology,14.49,1714079755.71,0.040710559682853184,0.3670694739050358,0.002508705606718277
ANAB,Healthcare,56.6,1647111053.2,0.04071522828114153,0.3017527182167214,0.0025084179468132257
AMPL,Technology,12.52,1563949146.32,0.041156767826329,0.40019218378583327,0.002481507045450669
FICO,Technology,933.3,20157072745.5,0.04144769745184069,0.3385259533085692,0.0024640888543370027
CHYM,Technology,32.31,12232084936.410002,0.04162721405751082,0.34869122097189453,0.002453462515841492
SFIX,Consumer Cyclical,2.97,396274792.32000005,0.04166175901198068,0.28898895474796504,0.0024514281622060904
TDC,Technology,27.76,2581680000.0,0.04230979889335626,0.3358970498880891,0.0024138807557662493
RHI,Industrials,39.21,4013607275.88,0.042515732562785444,0.28152053234566676,0.002402188629307759
GSHD,Financial Services,62.32,2213351199.6,0.042714747246738065,0.30200170466186127,0.002390996457009636
MDB,Technology,356.0,28678057396.0,0.04275404825387733,0.3042128661735998,0.002388798569963504
CORT,Healthcare,113.98,12321055290.060001,0.0430120569960063,0.2716000992773651,0.0023744693107445604
BLND,Technology,1.49,352404845.31,0.043483581237424594,0.35063263897963043,0.0023487212051686505
EGHT,Technology,1.84,265761321.84,0.043580563890237754,0.2630042360447736,0.002343494443675397
WDAY,Technology,186.28,44893480000.0,0.04387443202094417,0.31521734031360266,0.0023277978682495317
APP,Technology,312.01,104414458510.0,0.04399729436081995,0.28582909023277836,0.0023212974982380137
ASAN,Technology,8.79,2012647328.4299998,0.04415051044142131,0.36951402768844016,0.002313241869865117
VRRM,Industrials,3.91,594252763.64,0.0444413126812604,0.3060161953125741,0.002298105145127236
APPN,Technology,34.58,2476882304.2599998,0.04479892941788025,0.3758022422015384,0.0022797600446284355
KVYO,Technology,17.89,5093773847.93,0.04488021643374289,0.35890204285902294,0.0022756309448683154
TENB,Technology,33.7,3711717427.1000004,0.04560606284406634,0.36735431643067334,0.002239412985028168
TBLA,Communication Services,3.82,1031993620.36,0.04619487514334702,0.29432408356677603,0.0022108688249960927
IT,Technology,172.59,10898881767.84,0.046389619778446,0.34105883308239987,0.0022015875494729932
FIVN,Technology,31.23,2333615873.13,0.046505461805502156,0.2599225607286488,0.0021961035406152982
RNG,Technology,70.19,5861297510.78,0.046897418350917125,0.45747672101446046,0.0021777490727699204
DAVE,Technology,376.38,4800917724.66,0.047495983092278135,0.4240756396760242,0.0021503041453123893
FIGS,Consumer Cyclical,13.68,2272798510.56,0.04772923342957234,0.2653585728132059,0.002139795718272191
TDOC,Healthcare,6.26,1137341971.46,0.048654636315803794,0.2769061285616624,0.00209909716858451
SPT,Technology,10.45,633188615.4,0.04975991488733756,0.2726393951260387,0.0020524715438169313
PLTK,Communication Services,2.22,846748372.9200001,0.04985468491031358,0.27866478289107616,0.0020485699490978976
CRTO,Communication Services,17.74,869216696.66,0.050477229781195725,0.3256927575810708,0.002023304562705214
EMBC,Healthcare,5.55,314460774.45,0.050505159705087135,0.28449574832900343,0.0020221856524240567
DOCS,Healthcare,24.42,4352766831.6,0.0515935888755722,0.31899499458474007,0.0019795251998328857
HUBS,Technology,240.42,11988832044.42,0.05175227996035612,0.3753176584876508,0.001973455264333248
LZ,Industrials,6.02,1031014168.2399999,0.05242734278667261,0.3940601439553075,0.0019480447396425207
GRPN,Communication Services,18.95,770607359.1999999,0.052847121657307844,0.3209478223487229,0.0019325708974518938
ZIP,Industrials,4.05,333015960.15,0.052858420431820964,0.40149511220825446,0.0019321577999241479
W,Consumer Cyclical,99.97,13692697957.9,0.053853005647284,0.33555445074652446,0.0018964737084115496
ANF,Consumer Cyclical,151.43,6425837709.110001,0.05486918119982511,0.3341777153080295,0.0018613510735118889
CMRC,Technology,2.56,212119016.96,0.0565555784502606,0.27585946748757095,0.001805848549826692
ANGI,Communication Services,4.7,190614379.70000002,0.056966157016384134,0.3120657991872305,0.0017928330552408303
NVCR,Healthcare,16.85,1962112404.0000002,0.057586606932007484,0.27399195527262676,0.0017735167041461341
HNST,Consumer Defensive,5.74,615812335.46,0.058730966783467106,0.37231854352866334,0.0017389601248274167
CDNA,Healthcare,50.31,2602748759.13,0.059158691124913294,0.34532140271207,0.00172638723722545
TEAM,Technology,176.42,44658749742.299995,0.06288846526020939,0.39883569138900904,0.0016239990737002886
SEZL,Financial Services,118.35,3985437906.8999996,0.0639773112905892,0.3733214808716188,0.0015963598230180054
MYGN,Healthcare,3.18,304165871.1,0.07183740170367958,0.3012283021432761,0.001421694088412187
EXFY,Technology,2.37,216112393.68,0.07394981488613125,0.29675251583401785,0.0013810826908258658
TDUP,Consumer Cyclical,2.67,350660845.5,0.07490566687445735,0.2843471449816158,0.0013634590491021872
IBTA,Technology,38.38,889249785.32,0.07791862374675165,0.3905025285724113,0.0013107368228288368
DOMO,Technology,3.83,180148496.63,0.08393697740881884,0.27363637100038607,0.0012167558623368115
