ticker,sector,close,market_cap,volatility_60,q75_score,composite_score,blend_score,weight
SYY,Consumer Defensive,79.84,38251025917.44,0.011061671346800203,0.15050213,0.13548336744781217,0.058894230769230754,0.012323042261497935
UNF,Industrials,275.66,4985083129.18,0.011855752494812528,0.1390848,0.2093565551095453,0.08894230769230768,0.011497662721034661
IEX,Industrials,225.66,16635631731.36,0.011919147293311205,0.09605125,0.20586657607827474,0.03725961538461539,0.011436509687728766
HSIC,Healthcare,88.86,9903139722.12,0.012790364605143633,0.11474341,0.1781861686087969,0.052283653846153855,0.010657510375787205
COST,Consumer Defensive,910.18,403645537824.72,0.01293850990396376,0.18230414,0.09551464507252815,0.058293269230769246,0.010535482408809653
HIG,Financial Services,135.66,36746495791.32,0.013054693172135862,0.11958039,0.15430493143193394,0.04356971153846151,0.010441719440819123
IOSP,Basic Materials,93.37,2299800858.3900003,0.013124047182620146,0.15699776,0.13071448839719413,0.062199519230769246,0.010386540187842073
SBUX,Consumer Cyclical,102.01,116291400000.0,0.013700365567498216,0.11349575,0.1526326669623086,0.03515625,0.009949620892803044
WM,Industrials,217.78,87049972771.52,0.013764904485651644,0.126618,0.1615130826038864,0.056189903846153855,0.009902970531434565
AIZ,Financial Services,281.01,13860471764.67,0.013891691510676336,0.13178295,0.15780846835384857,0.05769230769230768,0.00981258786121598
SIGI,Financial Services,90.9,5414832917.1,0.01390446403467721,0.1629527,0.1073605454560443,0.04597355769230768,0.009803574100336342
KVUE,Consumer Defensive,18.39,35323024058.130005,0.013972387031969926,0.15211312,0.13975064053807024,0.06400240384615383,0.009755916664598808
CSX,Industrials,49.0,90771270933.0,0.01405063797504357,0.101868495,0.1679018955449506,0.030048076923076927,0.00970158392320239
MGM,Consumer Cyclical,40.74,10249888879.44,0.014117516637903114,0.17409909,0.14529942668163753,0.09555288461538464,0.00965562478059643
MCRI,Consumer Cyclical,119.28,2137798304.88,0.014284857005523415,0.14556456,0.1937814108913903,0.08984375,0.009542513686816216
THG,Financial Services,224.48,7816443210.08,0.014344042793503424,0.1581968,0.1446774909366625,0.07662259615384615,0.009503139766925232
HLT,Consumer Cyclical,304.47,68525513147.700005,0.0143465437725126,0.14164904,0.17559682976239932,0.07902644230769229,0.009501483120317155
TDY,Technology,605.08,28048890618.84,0.014380900852741303,0.13478145,0.1299941615787943,0.03545673076923078,0.009478783345024973
CHE,Healthcare,519.01,6783440458.61,0.014385922934494262,0.16296212,0.27910287766828046,0.12860576923076922,0.00947547433071327
UTHR,Healthcare,497.97,21358277895.24,0.014403570939236264,0.13536097,0.21595219009809127,0.08834134615384615,0.00946386448641656
CAH,Healthcare,240.49,55932136826.72,0.014472293571815877,0.19619612,0.20659625572422127,0.16165865384615383,0.009418924706923014
PFE,Healthcare,27.79,158393929038.31,0.014489083878757778,0.19433586,0.100127041851883,0.07782451923076922,0.00940800982519445
LH,Healthcare,324.86,26346146000.0,0.014645169647426936,0.14998394,0.15153205676605214,0.07181490384615383,0.009307740829985475
UNH,Healthcare,400.84,359791918471.48,0.014685256018823664,0.20445111,0.16219193058011958,0.15414663461538464,0.009282333472068322
R,Industrials,246.89,9467458240.519999,0.014793768375785664,0.22320156,0.25824140562855236,0.22115384615384617,0.009214247514685749
CNXN,Technology,83.64,2110914600.3600001,0.014914930660965482,0.21604368,0.13291460843265154,0.15204326923076922,0.009139395052380065
CLH,Industrials,317.13,16740419958.24,0.015093234524214818,0.15827253,0.2248273934139798,0.11748798076923078,0.009031426846957511
CB,Financial Services,336.64,129875664533.76,0.01513049846960178,0.16097271,0.1257356610093297,0.06340144230769232,0.009009183918380669
GWW,Industrials,1289.17,60721121398.14001,0.015159232680892544,0.19384933,0.17038456077027245,0.14212740384615383,0.008992107078166034
WST,Healthcare,337.75,23769413615.5,0.015184603640524274,0.12589641,0.21720163282502922,0.08022836538461539,0.008977082755431952
CCK,Consumer Cyclical,113.23,12314952660.53,0.015247046488975652,0.15790723,0.20218156741489576,0.10907451923076922,0.008940317955217153
FELE,Industrials,99.13,4382682426.32,0.015521808366510547,0.18646827,0.1395101272622593,0.10877403846153846,0.008782059427014061
EXPD,Industrials,185.96,24173056067.120003,0.015553962425275908,0.17811574,0.19659825754533578,0.13221153846153844,0.008763904641296038
MTX,Basic Materials,70.52,2195200296.24,0.01606288257709662,0.23294525,0.11998496762885565,0.1736778846153846,0.00848623793613378
XOM,Energy,160.66,660619775493.6,0.016170972742916036,0.2373399,0.1862211597627772,0.23317307692307693,0.008429514145902822
AIT,Industrials,326.66,11988048300.960001,0.0161933829165068,0.19069259,0.24771188049631565,0.16165865384615383,0.008417848462687061
CVS,Healthcare,96.07,122870683349.82999,0.016600543755733357,0.23227839,0.1474008559990712,0.19861778846153844,0.008211384247117863
FDX,Industrials,314.13,74317248586.44,0.01666874677497387,0.22895105,0.1338231093479858,0.18149038461538458,0.008177785968533519
ADM,Consumer Defensive,84.5,40725584763.5,0.01734863004032372,0.2452315,0.121703682255701,0.19561298076923078,0.007857303036181186
BMY,Healthcare,64.69,132143211096.64,0.01778484366588769,0.24678656,0.23037246881711637,0.2632211538461538,0.007664584859459652
JAZZ,Healthcare,240.07,15584042500.39,0.01799212832646995,0.2236767,0.15334353589609434,0.18659855769230768,0.007576282306128056
ALRM,Technology,56.01,2749543670.2799997,0.01800092657025226,0.25967968,0.07511336839930308,0.16586538461538464,0.0075725792757072195
SPB,Consumer Defensive,87.48,2011654738.0800002,0.018111923812192714,0.25389048,0.0997464287750336,0.1884014423076923,0.007526171427336462
PBI,Industrials,16.99,2329162701.8799996,0.018158194780281214,0.264459,0.2044175628754039,0.29116586538461536,0.007506993131137049
RS,Basic Materials,398.31,20335539802.05,0.018253853071538734,0.2462087,0.16800914141718465,0.23948317307692307,0.007467653155484118
GILD,Healthcare,146.64,181827023929.19998,0.018428788696758402,0.24591987,0.12734292056482696,0.20372596153846156,0.0073967663166813035
VTRS,Healthcare,16.61,19078094251.04,0.018570251324014315,0.26910794,0.19285457016743704,0.2947716346153846,0.007340419960452799
GM,Consumer Cyclical,85.79,75276567702.39,0.0186165005420055,0.25953194,0.21674859777899572,0.28665865384615385,0.007322184058268506
REGN,Healthcare,810.31,83425456326.28,0.018628920318485127,0.28875625,0.15582506571146051,0.3019831730769231,0.007317302407169481
ALV,Consumer Cyclical,120.25,8806775344.25,0.01863529259884093,0.26135728,0.12264310031510835,0.22926682692307693,0.0073148002783652594
F,Consumer Cyclical,14.0,55826339338.0,0.01879217005261536,0.2769229,0.11469114100548541,0.24789663461538464,0.007253736162867926
COP,Energy,135.04,162228613164.16,0.018840628083006374,0.21657708,0.2081118894067241,0.19951923076923075,0.00723507957849717
NVST,Healthcare,26.81,4306160778.29,0.01895446326721534,0.24205442,0.19686569625130979,0.24399038461538464,0.007191627722067696
RUSHA,Consumer Cyclical,49.8,5813174716.799999,0.019431357857285864,0.25544786,0.08170212497422075,0.1688701923076923,0.007015127017400301
PSX,Energy,259.14,103402280172.23999,0.019658687436566333,0.23472984,0.15186147867980648,0.20643028846153846,0.006934005331193605
LIVN,Healthcare,80.7,4446046014.900001,0.01975466256562216,0.2647426,0.11271214426781023,0.2265625,0.006900317483865186
VMI,Industrials,483.57,9335250183.06,0.019965289250365736,0.21521439,0.15426197543249354,0.16856971153846156,0.006827521594104759
KR,Consumer Defensive,57.2,35043424530.4,0.02016061761024425,0.19873603,0.18966143554168147,0.1610576923076923,0.0067613724006230095
AZZ,Industrials,139.47,4191282844.47,0.02031461982739049,0.24609481,0.1176591978323575,0.19381009615384615,0.0067101154069162715
LSTR,Industrials,177.46,6022446710.5,0.020324926747989563,0.26347893,0.18888942958075217,0.2821514423076923,0.0067067126577911584
NOV,Energy,21.39,7625067093.75,0.020396219168241397,0.2726128,0.19239846856596593,0.3019831730769231,0.006683270186744758
BC,Consumer Cyclical,71.95,4662174944.6,0.020535389432898097,0.23969758,0.10318751969848661,0.1670673076923077,0.006637977036415139
SNDR,Industrials,34.64,6072423141.36,0.0205452368030259,0.25120416,0.14560470612411353,0.23046875,0.006634795441702743
SNX,Technology,258.6,20677333267.2,0.020645982354012785,0.29246733,0.08785606714031108,0.23948317307692307,0.006602419838982649
HLIO,Industrials,71.42,2353330209.34,0.020743568794579132,0.25665686,0.11529940983433552,0.2118389423076923,0.0065713592892001375
BFH,Financial Services,108.2,4156964797.6,0.020812857720835912,0.28770667,0.17301221071073566,0.3134014423076923,0.006549482311261622
TKR,Industrials,123.86,8583106478.54,0.021121718357033584,0.25792754,0.14590990938847834,0.2454927884615385,0.006453709929525074
JBHT,Industrials,274.78,25805946938.42,0.021479251199571635,0.23839432,0.30288636124386564,0.2527043269230769,0.006346284710899895
BWA,Consumer Cyclical,66.26,13494932616.04,0.021594264923102166,0.2842565,0.22325428020046978,0.3290264423076923,0.0063124836142761055
GKOS,Healthcare,185.04,10914387702.48,0.021701784950268026,0.29721832,0.18892771629422583,0.33263221153846156,0.006281208840738059
UNFI,Consumer Defensive,44.93,2719124960.2,0.021703741945106676,0.35479942,0.19662447086389312,0.42758413461538464,0.006280642473274195
EXEL,Healthcare,57.67,14289570177.640001,0.021708013539275935,0.30399927,0.19801181708762755,0.3464543269230769,0.006279406599907915
QRVO,Technology,104.07,9181225346.31,0.02179300501109115,0.25945202,0.17583039234770337,0.2698317307692308,0.0062549172736869225
MPC,Energy,397.77,111703665978.51,0.021939459724696943,0.25942263,0.1594494537072759,0.2593149038461538,0.00621316318632831
FTI,Energy,78.16,30651568566.079998,0.022208669157657568,0.25843686,0.24163413870308503,0.2872596153846154,0.006137848356501753
VLO,Energy,382.85,110233028443.85,0.022391524053271952,0.24457519,0.1907713290617987,0.2454927884615385,0.006087725121573444
PGNY,Healthcare,27.15,2083132565.6999998,0.02243006325828528,0.30191317,0.18458219358905487,0.33653846153846156,0.0060772652274651015
CALY,Consumer Cyclical,15.57,2779408811.9700003,0.02263902590818339,0.24214701,0.20629675591531227,0.24729567307692313,0.006021170877327637
KNX,Industrials,70.79,11521497240.000002,0.022736088867240056,0.26114625,0.1952974814208486,0.2806490384615385,0.005995465811440894
HQY,Healthcare,93.36,7722300034.56,0.0234035110379918,0.33101603,0.05589945158269058,0.24579326923076927,0.0058244869014797375
BOX,Technology,34.3,4705986513.9,0.02350013853888137,0.26883942,0.15158972475926225,0.27103365384615385,0.005800537867633709
CNC,Healthcare,64.58,31902197100.0,0.023870145321080137,0.38770556,0.20248407236601712,0.4645432692307693,0.005710624784887209
LEA,Consumer Cyclical,128.91,6358455327.24,0.02387870786473154,0.31849012,0.081695132458928,0.2659254807692307,0.0057085770411703235
YETI,Consumer Cyclical,40.74,2973563549.04,0.024247836421229012,0.2855291,0.16056443939165627,0.3040865384615385,0.005621674491752884
DINO,Energy,108.31,19255768685.19,0.024833044760668745,0.29523078,0.137769913766712,0.2956730769230769,0.005489195739111163
ELAN,Healthcare,23.97,11975935265.1,0.024913147199737896,0.3164119,0.08472132862160558,0.26772836538461536,0.005471546505005751
DBX,Technology,33.81,7631230925.85,0.02494784900536911,0.33396277,0.1679462216122426,0.3828125,0.005463935726887045
ATI,Industrials,207.32,28230843803.559998,0.025401094894685953,0.32089415,0.12548231502488974,0.3212139423076923,0.005366439677288761
GTX,Consumer Cyclical,27.99,5219950657.86,0.025609105320223195,0.27333006,0.20324105776805584,0.30709134615384615,0.005322850673028965
CROX,Consumer Cyclical,114.35,5482519326.25,0.02602832859152719,0.2632084,0.21441976045660724,0.2923677884615385,0.005237118588313534
MOH,Healthcare,196.3,10246860000.0,0.02603492525614178,0.34651074,0.04269015335648926,0.24579326923076922,0.00523579162022993
XYZ,Technology,80.1,48123679500.0,0.026082339345905467,0.3729272,0.05956735905145435,0.3088942307692308,0.0052262736743672825
ANDE,Consumer Defensive,70.92,2409547424.4,0.026154376946769822,0.39136943,0.07878499964156872,0.3596754807692308,0.0052118788288036426
MUSA,Consumer Cyclical,517.81,9517527480.07,0.026169839701166528,0.31920153,0.13822561870673739,0.33052884615384615,0.005208799329532901
STLD,Basic Materials,240.31,34443172827.28,0.026218620613483592,0.33957058,0.0498275033418725,0.2509014423076923,0.005199108126203902
LFST,Healthcare,12.8,4890311795.2,0.026319813614272183,0.28059432,0.18360173230593793,0.30859375,0.005179118875503828
WFRD,Energy,93.7,6716926009.1,0.026334821612289436,0.32335407,0.11198801597548819,0.31009615384615385,0.005176167338297347
CARG,Consumer Cyclical,32.77,2918937874.0600004,0.026343799071867482,0.30889866,0.15017450796772389,0.3272235576923077,0.0051744034001150845
ENVA,Financial Services,225.79,5621803188.09,0.02659199882227742,0.34586453,0.06665584533512885,0.28575721153846156,0.005126107458128467
LFUS,Technology,422.95,10742400043.65,0.0268439782075894,0.33083212,0.09251597860996336,0.3058894230769231,0.005077989649495423
FTNT,Technology,157.47,115537888937.91,0.02706951208538069,0.28130597,0.17882995322898307,0.3082932692307693,0.005035681583748895
DAN,Consumer Cyclical,31.29,3366074285.91,0.027303297931457242,0.35950688,0.15035680397414775,0.4059495192307692,0.00499256330981055
BKNG,Industrials,180.3,135473904150.00002,0.0275270465109846,0.27207553,0.18671133354751623,0.2980769230769231,0.004951982169065037
DXCM,Healthcare,84.53,31898305465.45,0.02760733618681948,0.28505063,0.20789717464277846,0.3254206730769231,0.0049375804520575065
CART,Consumer Cyclical,48.0,11112003216.0,0.027741440601253768,0.3336348,0.20008562959778378,0.3957331730769231,0.004913711780463882
HAE,Healthcare,102.84,4678916724.84,0.027891436947362073,0.29968056,0.2101651544969075,0.34375,0.004887286508281245
ILMN,Healthcare,211.06,31870060000.0,0.027937908976085783,0.3520392,0.10258131078764587,0.3494591346153846,0.00487915697649745
DT,Technology,50.29,14533917017.119999,0.028007872391442066,0.33371446,0.17206902259155898,0.38371394230769235,0.004866968885900483
EAT,Consumer Cyclical,222.49,9292297074.9,0.028115772572282587,0.2799027,0.17209340498830444,0.3022836538461538,0.004848290870861638
ETSY,Consumer Cyclical,72.82,6683546889.36,0.029011725395201894,0.30978528,0.2796368846336098,0.3680889423076923,0.004698563826609358
NEM,Basic Materials,127.09,133913750721.39,0.029200189061072725,0.32887325,0.20957987421534435,0.39212740384615385,0.004668238387235016
OCTV,Technology,18.39,4936570921.32,0.02925230795737925,0.39493284,0.14334411791557802,0.4365985576923077,0.004659920977450019
XPRO,Energy,18.1,2052454622.3000002,0.02938434810466504,0.32276094,0.14748895244756846,0.34375,0.004638981372119624
FLYW,Technology,17.97,2186368101.7799997,0.02947038145083678,0.3877462,0.05797467567090818,0.3215144230769231,0.004625438721138413
INVX,Energy,29.8,2084087644.6000001,0.02976068936220361,0.33261263,0.11082978461320842,0.3278245192307692,0.004580318749690631
AXGN,Healthcare,46.69,2510125041.97,0.03017041132266418,0.38862288,0.051765527337607246,0.3125,0.004518116840754513
FCX,Basic Materials,76.62,110027662612.26001,0.030309645013174378,0.3648229,0.07502960880810167,0.32662259615384615,0.0044973619265474656
ATRC,Healthcare,53.73,2733045976.62,0.030367254458272003,0.35765082,0.07327499703297197,0.31340144230769235,0.004488830021717294
PINS,Communication Services,20.14,11405544363.78,0.03039669649702222,0.33266717,0.10648502827219744,0.32271634615384615,0.00448448217071133
NGL,Energy,17.57,2192987057.73,0.030504792682972383,0.3299499,0.11704746915626425,0.3299278846153846,0.004468591047514614
ABNB,Industrials,174.54,104512052936.28,0.0305344612807616,0.30251172,0.15024797407775686,0.31640625,0.0044642491719775225
TNET,Industrials,65.91,3025581281.58,0.030876990581538536,0.32250822,0.1349912563755827,0.3314302884615385,0.004414725688031333
MYRG,Industrials,288.16,4486435080.0,0.030926206091052243,0.32775488,0.0901351910686661,0.2944711538461538,0.0044077001585027505
ADBE,Technology,257.26,102260850000.0,0.031568843411108306,0.37190863,0.08685327135189531,0.35456730769230765,0.004317973950273208
FRSH,Technology,12.1,3157141341.2,0.03163230608570156,0.39521414,0.08484041395667341,0.37439903846153844,0.004309310965824148
ROG,Technology,129.5,2313949382.5,0.03187979555381215,0.39157572,0.12944110751284152,0.4221754807692308,0.004275856890591617
KN,Technology,35.62,3042315812.12,0.032188773474276296,0.3695241,0.08346227206724904,0.34615384615384615,0.004234813221397043
CGNX,Technology,62.23,10468569687.66,0.03251990472598278,0.36044025,0.09139801366825374,0.3482572115384615,0.004191692584526788
MMED,Healthcare,23.32,6549255145.4,0.032649877852763735,0.39688563,0.05032705936648526,0.31700721153846156,0.004175006231390267
THC,Healthcare,259.06,20859252140.0,0.03300858936643248,0.27155966,0.21126317413632625,0.3076923076923077,0.004129635531412357
BTSG,Healthcare,62.56,12378386916.960001,0.033756869267072255,0.33478346,0.09704442571782583,0.3173076923076923,0.004038094955161765
ZG,Communication Services,33.03,7427619730.62,0.03418086803666315,0.38299558,0.06006776328699945,0.3203125,0.003988004147326127
PTRN,Consumer Cyclical,19.66,3487666089.7400002,0.03745195130589183,0.36067146,0.07668387289328236,0.32481971153846156,0.0036396886874082647
PTEN,Energy,12.66,4828332504.84,0.03766537147634703,0.3476772,0.20454053269596445,0.4209735576923077,0.003619065421272198
NEO,Healthcare,17.56,2256028726.3999996,0.03796253173725852,0.39166167,0.13143777129821022,0.42337740384615385,0.0035907363721907454
INTA,Technology,39.86,3049734359.2799997,0.03807044606594295,0.38194525,0.12358475704269074,0.4065504807692308,0.0035805580857473304
QLYS,Technology,170.32,5892220570.32,0.03810965214207572,0.34486648,0.10743741592096998,0.3464543269230769,0.003576874514131818
MANH,Technology,207.92,12122769778.24,0.039026354418178824,0.36216465,0.22876563108836453,0.44681490384615385,0.003492856187098113
ZETA,Technology,30.79,7728708897.95,0.039500101718711954,0.3406248,0.08005797673806749,0.3049879807692307,0.0034509643661207435
ZBRA,Technology,352.54,16678900076.400002,0.040382362759781056,0.28238085,0.1601679164053019,0.2998798076923077,0.0033755687922545604
GDDY,Technology,92.88,11763038747.519999,0.04041446473776071,0.49242792,0.08558523195755721,0.3915264423076923,0.0033728875137632856
TRLV,Healthcare,12.43,2393586703.86,0.041413910759035485,0.3120346,0.14730798053757566,0.3278245192307692,0.0032914892844230965
TWLO,Communication Services,225.89,34691106445.799995,0.04159245291826017,0.4079116,0.10886902870613241,0.4071514423076923,0.0032773600479228896
CHYM,Technology,32.31,12232084936.410002,0.04162721405751082,0.3631197,0.10970902987039716,0.3722956730769231,0.0032746232621066935
NAVN,Technology,26.64,6775384819.68,0.04268110907988874,0.36875778,0.13911295314740796,0.4065504807692308,0.003193765261213662
GSHD,Financial Services,62.32,2213351199.6,0.042714747246738065,0.32454562,0.1016704864894627,0.3010817307692307,0.0031912501483859147
PATH,Technology,14.01,7258864926.66,0.043780817032168684,0.38405094,0.09086675393021557,0.3728966346153846,0.0031135427049993405
APPN,Technology,34.58,2476882304.2599998,0.04479892941788025,0.37287718,0.06899340795654879,0.3212139423076923,0.003042783505335597
KVYO,Technology,17.89,5093773847.93,0.04488021643374289,0.38064566,0.049676697299429806,0.3001802884615385,0.003037272418029904
MWH,Utilities,25.66,5193243286.52,0.04514043839093935,0.3612602,0.10910876039722706,0.36899038461538464,0.003019763395048922
TENB,Technology,33.7,3711717427.1000004,0.04560606284406634,0.34116983,0.14810128253148158,0.38131009615384615,0.0029889325012662214
FIVN,Technology,31.23,2333615873.13,0.046505461805502156,0.40116104,0.08049275791834487,0.36959134615384615,0.0029311276180745754
RNG,Technology,70.19,5861297510.78,0.046897418350917125,0.33621827,0.23466812261452688,0.41015625,0.002906630008275369
OKTA,Technology,167.595,29299113428.16,0.048307575761077255,0.36441305,0.1173127120393108,0.3810096153846154,0.0028217819118808106
DELL,Technology,533.88,346011894235.08,0.04904947303080021,0.32753566,0.16541265403129204,0.3674879807692308,0.0027791010803280758
TXG,Healthcare,65.6,8547100620.799999,0.04921301161012825,0.37466908,0.07946118805988756,0.3464543269230769,0.0027698659161384423
ON,Technology,71.08,27672277128.68,0.049251746422370554,0.3623128,0.07279471105381892,0.31941105769230765,0.002767687511432183
LFTO,Communication Services,18.65,3158032978.5499997,0.051703766568053984,0.33993736,0.21048151344376514,0.41316105769230765,0.002636431589756619
HUBS,Technology,240.42,11988832044.42,0.05175227996035612,0.36594874,0.0799734980125329,0.3368389423076923,0.0026339601577716016
LIFE,Financial Services,42.02,2679172257.0800004,0.05292054463879587,0.42116505,0.0883478756703872,0.38912259615384615,0.002575813314466321
W,Consumer Cyclical,99.97,13692697957.9,0.053853005647284,0.32431373,0.15108418993441414,0.3497596153846154,0.002531213287930837
PLPC,Industrials,411.71,2012727088.7099998,0.05826903270215123,0.3896867,0.10358159506897598,0.3909254807692308,0.0023393805794958244
CDNA,Healthcare,50.31,2602748759.13,0.059158691124913294,0.3960043,0.1181772849532526,0.41225961538461536,0.002304199787003308
TEAM,Technology,176.42,44658749742.299995,0.06288846526020939,0.32576942,0.15660252162457539,0.35847355769230765,0.002167542854248465
MXL,Technology,66.5,6031097201.5,0.08265606271560919,0.37688798,0.12684856490236582,0.4056490384615385,0.0016491644897050919
