q,mgr_raw,cf_flagged,cf_flagged_le2_positions,mgr,rows,cusips,rows_mapped_share,ambiguous_ncusip,flag,vanish_still_listed,flag_mgr,flag_vanish
2005-12-31,2423,0,0,2423,631604,10717,0.9813775720229764,0,False,0,False,False
2006-03-31,2474,18,12,2456,654219,11011,0.9830408471780856,0,False,2,False,False
2006-06-30,2474,16,11,2458,662262,10612,0.984066728877695,0,False,2,False,False
2006-09-30,2488,25,13,2463,663525,10593,0.9831656682114465,0,False,3,False,False
2006-12-31,2666,18,12,2648,691135,11022,0.9831364349946103,0,False,0,False,False
2007-03-31,2708,19,11,2689,701570,11222,0.981654004589706,0,False,0,False,False
2007-06-30,2726,19,14,2707,733034,11897,0.9779041626991382,0,False,7,False,False
2007-09-30,2714,32,20,2682,700757,10773,0.9806980165735055,0,False,2,False,False
2007-12-31,2935,21,14,2914,720072,10957,0.9811324423113245,0,False,4,False,False
2008-03-31,2936,34,21,2902,716543,10915,0.9812670000265162,0,False,14,False,False
2008-06-30,2955,34,22,2921,726931,11068,0.9805841269666584,0,False,5,False,False
2008-09-30,2920,38,27,2882,694464,10871,0.9811422910330845,0,False,7,False,False
2008-12-31,2878,32,23,2846,657389,10817,0.9810005947772171,0,False,6,False,False
2009-03-31,2823,40,28,2783,643071,10362,0.9816816494601684,0,False,25,False,False
2009-06-30,2838,34,23,2804,666553,10211,0.9817748926191916,0,False,17,False,False
2009-09-30,2788,44,27,2744,670909,10250,0.9821794013793227,0,False,18,False,False
2009-12-31,2807,26,17,2781,677624,10342,0.9807607168577264,0,False,12,False,False
2010-03-31,2811,41,25,2770,684999,10313,0.9813284398955326,0,False,14,False,False
2010-06-30,2802,30,17,2772,663785,10358,0.9804997099964597,0,False,34,False,False
2010-09-30,2786,45,27,2741,677107,10363,0.9801862925652814,0,False,12,False,False
2010-12-31,2996,33,19,2963,708924,10587,0.9798892405956069,0,False,20,False,False
2011-03-31,3123,33,26,3090,692583,10149,0.9717449027769957,0,True,229,False,True
2011-06-30,3122,50,29,3072,697517,10314,0.971153391243511,0,False,9,False,False
2011-09-30,3104,38,28,3066,671411,10262,0.9708941319102606,0,False,6,False,False
2011-12-31,3301,33,20,3268,714362,10289,0.9713688578059864,0,False,6,False,False
2012-03-31,3273,45,30,3228,730257,10307,0.9709170880936437,0,False,30,False,False
2012-06-30,3257,51,36,3206,734983,10056,0.9701965895809835,0,False,27,False,False
2012-09-30,3238,50,34,3188,741715,9768,0.9688977572248101,0,False,7,False,False
2012-12-31,3432,42,27,3390,762816,9791,0.970264126604581,0,False,18,False,False
2013-03-31,3418,58,40,3360,775434,9918,0.971586234289443,0,False,6,False,False
2013-06-30,3398,51,36,3347,796568,9646,0.9714487652027197,0,False,6,False,False
2013-09-30,3398,57,36,3341,821807,10312,0.970899493433373,0,False,6,False,False
2013-12-31,3747,51,37,3696,864817,10590,0.9709522361378188,0,False,3,False,False
2014-03-31,3749,72,55,3677,877198,10655,0.9719390605085739,0,False,7,False,False
2014-06-30,3768,78,59,3690,901908,10838,0.9715436607724957,0,False,3,False,False
2014-09-30,3750,82,61,3668,907326,11050,0.9713465722353377,0,False,4,False,False
2014-12-31,4085,65,49,4020,948238,10985,0.9723750788304202,0,False,5,False,False
2015-03-31,4081,84,57,3997,958587,11625,0.9709812463553126,0,False,5,False,False
2015-06-30,4014,83,60,3931,958392,10907,0.971796509152831,0,True,301,False,True
2015-09-30,3987,84,61,3903,953134,10434,0.9744285693302306,0,False,12,False,False
2015-12-31,4186,61,42,4125,999854,11110,0.9743422539690795,0,False,2,False,False
2016-03-31,4127,100,60,4027,996716,10549,0.9746005883320825,0,False,1,False,False
2016-06-30,4119,74,49,4045,1019345,11340,0.976055211925305,0,False,0,False,False
2016-09-30,4076,78,49,3998,996939,10278,0.9791341295706156,0,False,1,False,False
2016-12-31,4267,68,38,4199,1058847,10239,0.9817395714394997,0,False,3,False,False
2017-03-31,4241,75,57,4166,1072298,10554,0.982157012323067,0,False,2,False,False
2017-06-30,4219,75,54,4144,1067067,10728,0.9823675551769476,0,False,2,False,False
2017-09-30,4192,98,66,4094,1061218,10518,0.9820423324896487,0,False,17,False,False
2017-12-31,4805,45,37,4760,1251191,12583,0.8959143727856099,0,True,914,False,True
2018-03-31,4784,83,54,4701,1252975,12515,0.8970242822083442,0,False,39,False,False
2018-06-30,4773,97,63,4676,1271771,12342,0.9128396543088338,0,False,2,False,False
2018-09-30,4766,109,72,4657,1287837,13345,0.9149807001973076,0,False,0,False,False
2018-12-31,5138,80,52,5058,1290947,13466,0.9199029859475254,0,False,0,False,False
2019-03-31,5105,75,48,5030,1316858,13399,0.9313289663729878,0,False,0,False,False
2019-06-30,5060,106,66,4954,1311850,13441,0.9376277775660327,0,False,0,False,False
2019-09-30,5030,120,69,4910,1305819,13274,0.9432524722032686,0,False,0,False,False
2019-12-31,5495,83,51,5412,1381729,13391,0.945029017991227,0,False,44,False,False
